{
"type": "FeatureCollection",
"name": "blocked",
"crs": { "type": "name", "properties": { "name": "urn:ogc:def:crs:OGC:1.3:CRS84" } },
"features": [
{ "type": "Feature", "properties": { "featurecla": "Admin-0 claim area", "scalerank": 0, "LABELRANK": 5, "SOVEREIGNT": "Somaliland", "SOV_A3": "SOL", "ADM0_DIF": 0, "LEVEL": 5, "TYPE": "Disputed", "TLC": null, "ADMIN": "Somaliland", "ADM0_A3": "SOL", "GEOU_DIF": 0, "GEOUNIT": "Somaliland", "GU_A3": "SOL", "SU_DIF": 0, "SUBUNIT": "Somaliland", "SU_A3": "SOL", "BRK_DIFF": 1, "NAME": "Somaliland", "NAME_LONG": "Somaliland", "BRK_A3": "B30", "BRK_NAME": "Somaliland", "BRK_GROUP": null, "ABBREV": "Solnd.", "POSTAL": "SL", "FORMAL_EN": "Republic of Somaliland", "FORMAL_FR": null, "NAME_CIAWF": null, "NOTE_ADM0": "Disputed", "NOTE_BRK": "Self admin.; Claimed by Somalia", "NAME_SORT": "Somaliland", "NAME_ALT": null, "MAPCOLOR7": 3, "MAPCOLOR8": 6, "MAPCOLOR9": 5, "MAPCOLOR13": 2, "POP_EST": 2650003, "POP_RANK": 12, "POP_YEAR": 2014, "GDP_MD": 9275.0, "GDP_YEAR": 2013, "ECONOMY": "6. Developing region", "INCOME_GRP": "4. Lower middle income", "FIPS_10": "-99", "ISO_A2": "-99", "ISO_A2_EH": "-99", "ISO_A3": "-99", "ISO_A3_EH": "-99", "ISO_N3": "-99", "ISO_N3_EH": "-99", "UN_A3": "-099", "WB_A2": "-99", "WB_A3": "-99", "WOE_ID": -99, "WOE_ID_EH": -99, "WOE_NOTE": "Includes old states of 2347021, 2347020, 2347017 and portion of 2347016.", "ADM0_ISO": "SOM", "ADM0_DIFF": "1", "ADM0_TLC": "SOL", "ADM0_A3_US": "SOM", "ADM0_A3_FR": "SOM", "ADM0_A3_RU": "SOM", "ADM0_A3_ES": "SOM", "ADM0_A3_CN": "SOM", "ADM0_A3_TW": "SOL", "ADM0_A3_IN": "SOM", "ADM0_A3_NP": "SOM", "ADM0_A3_PK": "SOM", "ADM0_A3_DE": "SOM", "ADM0_A3_GB": "SOM", "ADM0_A3_BR": "SOM", "ADM0_A3_IL": "SOM", "ADM0_A3_PS": "SOM", "ADM0_A3_SA": "SOM", "ADM0_A3_EG": "SOM", "ADM0_A3_MA": "SOM", "ADM0_A3_PT": "SOM", "ADM0_A3_AR": "SOM", "ADM0_A3_JP": "SOM", "ADM0_A3_KO": "SOM", "ADM0_A3_VN": "SOM", "ADM0_A3_TR": "SOM", "ADM0_A3_ID": "SOM", "ADM0_A3_PL": "SOM", "ADM0_A3_GR": "SOM", "ADM0_A3_IT": "SOM", "ADM0_A3_NL": "SOM", "ADM0_A3_SE": "SOM", "ADM0_A3_BD": "SOM", "ADM0_A3_UA": "SOM", "ADM0_A3_UN": -99, "ADM0_A3_WB": -99, "CONTINENT": "Africa", "REGION_UN": "Africa", "SUBREGION": "Eastern Africa", "REGION_WB": "Sub-Saharan Africa", "NAME_LEN": 10, "LONG_LEN": 10, "ABBREV_LEN": 6, "TINY": -99, "HOMEPART": 1, "MIN_ZOOM": 4.0, "MIN_LABEL": 4.5, "MAX_LABEL": 9.0, "LABEL_X": 46.731595, "LABEL_Y": 9.443889, "NE_ID": 1159321259, "WIKIDATAID": "Q34754", "NAME_AR": "صوماليلاند", "NAME_BN": "সোমালিল্যান্ড", "NAME_DE": "Somaliland", "NAME_EN": "Somaliland", "NAME_ES": "Somalilandia", "NAME_FA": "سومالیلند", "NAME_FR": "Somaliland", "NAME_EL": "Σομαλιλάνδη", "NAME_HE": "סומלילנד", "NAME_HI": "सोमालीदेश", "NAME_HU": "Szomáliföld", "NAME_ID": "Somaliland", "NAME_IT": "Somaliland", "NAME_JA": "ソマリランド", "NAME_KO": "소말릴란드", "NAME_NL": "Somaliland", "NAME_PL": "Somaliland", "NAME_PT": "Somalilândia", "NAME_RU": "Сомалиленд", "NAME_SV": "Somaliland", "NAME_TR": "Somaliland", "NAME_UK": "Сомаліленд", "NAME_UR": "صومالی لینڈ", "NAME_VI": "Somaliland", "NAME_ZH": "索马里兰", "NAME_ZHT": "索馬利蘭", "FCLASS_ISO": "Unrecognized", "TLC_DIFF": null, "FCLASS_TLC": "Unrecognized", "FCLASS_US": "Unrecognized", "FCLASS_FR": "Unrecognized", "FCLASS_RU": "Unrecognized", "FCLASS_ES": "Unrecognized", "FCLASS_CN": "Unrecognized", "FCLASS_TW": "Admin-0 country", "FCLASS_IN": "Unrecognized", "FCLASS_NP": "Unrecognized", "FCLASS_PK": "Unrecognized", "FCLASS_DE": "Unrecognized", "FCLASS_GB": "Unrecognized", "FCLASS_BR": "Unrecognized", "FCLASS_IL": "Unrecognized", "FCLASS_PS": "Unrecognized", "FCLASS_SA": "Unrecognized", "FCLASS_EG": "Unrecognized", "FCLASS_MA": "Unrecognized", "FCLASS_PT": "Unrecognized", "FCLASS_AR": "Unrecognized", "FCLASS_JP": "Unrecognized", "FCLASS_KO": "Unrecognized", "FCLASS_VN": "Unrecognized", "FCLASS_TR": "Unrecognized", "FCLASS_ID": "Unrecognized", "FCLASS_PL": "Unrecognized", "FCLASS_GR": "Unrecognized", "FCLASS_IT": "Unrecognized", "FCLASS_NL": "Unrecognized", "FCLASS_SE": "Unrecognized", "FCLASS_BD": "Unrecognized", "FCLASS_UA": "Unrecognized" }, "geometry": { "type": "MultiPolygon", "coordinates": [ [ [ [ 48.939111999918396, 11.249129976167438 ], [ 48.93911055500007, 11.136737366000105 ], [ 48.93911055500007, 11.02436696400008 ], [ 48.93911055500007, 10.912022401000058 ], [ 48.93911055500007, 10.799600322000103 ], [ 48.93911055500007, 10.687333272000103 ], [ 48.93911055500007, 10.574937032000065 ], [ 48.93911055500007, 10.462566631000129 ], [ 48.93911055500007, 10.350118713000072 ], [ 48.93911055500007, 10.237799988000063 ], [ 48.93911055500007, 10.125429586000038 ], [ 48.93911055500007, 10.013033346000086 ], [ 48.93911055500007, 9.900714620000073 ], [ 48.93911055500007, 9.788421733000064 ], [ 48.93911055500007, 9.675999655000112 ], [ 48.93911055500007, 9.56360341400007 ], [ 48.93911055500007, 9.562700993000107 ], [ 48.93911055500007, 9.451233012000046 ], [ 48.879114217000051, 9.360308329000134 ], [ 48.819324585000118, 9.269383647000041 ], [ 48.759224895000045, 9.178510641000045 ], [ 48.699228556000094, 9.087689311000062 ], [ 48.639335571000117, 8.996661275000037 ], [ 48.579184204000057, 8.905839946000057 ], [ 48.519187866000038, 8.81491526300006 ], [ 48.459243205000064, 8.72388722700012 ], [ 48.399298544000089, 8.633117574000053 ], [ 48.33914717600004, 8.542089539000116 ], [ 48.279099162000136, 8.45116485600002 ], [ 48.219154500000116, 8.360317689000041 ], [ 48.159003133000112, 8.269418844000128 ], [ 48.099058472000081, 8.178519999000045 ], [ 48.039113810000117, 8.087491964 ], [ 47.979169149000143, 7.996567281000097 ], [ 47.836697225000137, 7.996515605000084 ], [ 47.653917684000135, 7.996515605000084 ], [ 47.523589721000064, 7.996515605000084 ], [ 47.366079956000135, 7.996515605000084 ], [ 47.210585571000081, 7.996515605000084 ], [ 47.068113648000065, 7.996515605000084 ], [ 46.97923018400013, 7.996567281000097 ], [ 46.920525757000064, 8.025609437000085 ], [ 46.857377157000144, 8.046745097000041 ], [ 46.773557983000046, 8.074908752000084 ], [ 46.689532105000126, 8.102969055000102 ], [ 46.605712931000141, 8.131132711000063 ], [ 46.521687052000118, 8.15924469 ], [ 46.437712850000082, 8.187356670000042 ], [ 46.3538420000001, 8.215468648000083 ], [ 46.269816122000066, 8.243554790000104 ], [ 46.185893595000096, 8.271640930000046 ], [ 46.10191939300006, 8.299727072000067 ], [ 46.018048544000067, 8.32789072600012 ], [ 45.934126017000096, 8.356002706000069 ], [ 45.850203492000048, 8.3841146850001 ], [ 45.766384318000121, 8.412226664000045 ], [ 45.682358439000041, 8.440312805000076 ], [ 45.59843591300006, 8.468424784000106 ], [ 45.514410034000036, 8.496536764000055 ], [ 45.426146688000074, 8.525475566000111 ], [ 45.338090047000037, 8.554414368000067 ], [ 45.249878377000073, 8.583275655000108 ], [ 45.161770061000141, 8.612136943000053 ], [ 45.073558390000073, 8.641153259000134 ], [ 44.985553427000127, 8.670040385000092 ], [ 44.897290079000072, 8.698927511000136 ], [ 44.809233439000138, 8.727840474000089 ], [ 44.721073445000059, 8.75677927600006 ], [ 44.633016805000068, 8.785718078000116 ], [ 44.544753459000049, 8.814605205000063 ], [ 44.456696818000069, 8.843544007000034 ], [ 44.368536825000092, 8.872456970000087 ], [ 44.280376831000126, 8.901395772000058 ], [ 44.192216838000093, 8.93028289900009 ], [ 44.104056845000116, 8.959221701000061 ], [ 44.023855021000145, 8.98552500400011 ], [ 43.984787639000047, 9.008314311000092 ], [ 43.914921102000051, 9.071488749000068 ], [ 43.787590373000057, 9.186701355000068 ], [ 43.698448527000039, 9.267161560000119 ], [ 43.621502319000115, 9.336898906000073 ], [ 43.607239624000044, 9.344624532000083 ], [ 43.591219930000079, 9.3435910030001 ], [ 43.566828654000062, 9.334315084000082 ], [ 43.548225139000124, 9.336072083000147 ], [ 43.471227255000088, 9.382012431000135 ], [ 43.419034057000033, 9.413018290000068 ], [ 43.406321655000056, 9.428650411000106 ], [ 43.401980835000074, 9.447408956000103 ], [ 43.399448690000099, 9.480946960000026 ], [ 43.393350871000052, 9.498930359000013 ], [ 43.370664917000056, 9.544224752000019 ], [ 43.361518188000105, 9.553164774000038 ], [ 43.341364380000073, 9.566393941000044 ], [ 43.331752564000112, 9.575075582000096 ], [ 43.325086304000081, 9.585901795000041 ], [ 43.315577841000106, 9.607657572000051 ], [ 43.305966024000099, 9.61755361000013 ], [ 43.297697795000033, 9.621532695000028 ], [ 43.270671021000112, 9.628353984000071 ], [ 43.248811889000137, 9.652331848000088 ], [ 43.235272664000092, 9.691786804000103 ], [ 43.206333862000122, 9.851208598000113 ], [ 43.18721358200014, 9.883325501000044 ], [ 43.149851522000063, 9.899991150000076 ], [ 43.104272909000088, 9.907923482000029 ], [ 43.067685995000033, 9.922522075000089 ], [ 43.03988407300011, 9.949988098000063 ], [ 43.020763794000118, 9.99641937300008 ], [ 43.012598918000094, 10.029285583000103 ], [ 42.999886515000128, 10.06197092700009 ], [ 42.981903117000059, 10.091633199000043 ], [ 42.958235311000124, 10.115559387000047 ], [ 42.862323852000145, 10.177157694000087 ], [ 42.836278931000095, 10.208086040000083 ], [ 42.808166951000146, 10.269115906000067 ], [ 42.789460083000051, 10.333323873000026 ], [ 42.776644328000145, 10.424610290000118 ], [ 42.765792277000116, 10.451947123000139 ], [ 42.750392700000134, 10.47163584400009 ], [ 42.695202271000142, 10.524707540000108 ], [ 42.668537232000062, 10.566229554000088 ], [ 42.64859012900007, 10.611033020000065 ], [ 42.647246541000129, 10.632220358000026 ], [ 42.660269003000053, 10.641625469000076 ], [ 42.680216105000056, 10.647671611000121 ], [ 42.699646443000063, 10.658549500000078 ], [ 42.711635376000118, 10.675163473000097 ], [ 42.718973429000073, 10.694852194000049 ], [ 42.72858524600008, 10.735495707000084 ], [ 42.738093709000111, 10.759783630000086 ], [ 42.74987593600008, 10.775829162000051 ], [ 42.785636027000123, 10.804406230000012 ], [ 42.801242310000134, 10.820787659000061 ], [ 42.807650187000093, 10.836109721000113 ], [ 42.811577596000063, 10.852620341000105 ], [ 42.819432414000062, 10.872567444000126 ], [ 42.834831990000055, 10.888406270000132 ], [ 42.876793253000073, 10.905743714000053 ], [ 42.89353641800011, 10.919670512000039 ], [ 42.901184529000091, 10.93659454400003 ], [ 42.91131311100014, 10.977367248000107 ], [ 42.923715454000046, 10.998787130000025 ], [ 43.188814683000089, 11.407763994000035 ], [ 43.240733269000089, 11.4878604190001 ], [ 43.252696160000085, 11.473089911000045 ], [ 43.26693769600007, 11.46234772300005 ], [ 43.288340691000087, 11.460353908000059 ], [ 43.282725457000083, 11.498928127000056 ], [ 43.297129754000082, 11.482245184000078 ], [ 43.320078972000033, 11.446112372000073 ], [ 43.339610222000033, 11.426174221000053 ], [ 43.352386915000068, 11.419745184000078 ], [ 43.375987175000034, 11.391587632000039 ], [ 43.39421634200005, 11.385199286000045 ], [ 43.413828972000033, 11.380926825000074 ], [ 43.443369988000086, 11.359564520000049 ], [ 43.459727410000085, 11.351060289000088 ], [ 43.466319207000083, 11.36790599200009 ], [ 43.47820071700005, 11.379950262000079 ], [ 43.489431186000047, 11.380926825000074 ], [ 43.494395379000082, 11.364732164000088 ], [ 43.479014519000089, 11.27179596600007 ], [ 43.488129102000073, 11.23891836100006 ], [ 43.506358269000089, 11.208970445000091 ], [ 43.529307488000086, 11.186590887000079 ], [ 43.535655144000089, 11.183742580000057 ], [ 43.551931186000047, 11.179836330000057 ], [ 43.559092644000089, 11.176011460000041 ], [ 43.562998894000089, 11.170314846000053 ], [ 43.568207227000073, 11.155422268000052 ], [ 43.583181186000047, 11.135158596000053 ], [ 43.591644727000073, 11.107489325000074 ], [ 43.617442254000082, 11.070786851000037 ], [ 43.658946160000085, 10.987982489000046 ], [ 43.755625847000033, 10.894232489000046 ], [ 43.829600457000083, 10.802964585000041 ], [ 43.922129754000082, 10.724188544000071 ], [ 44.028168165000068, 10.652167059000078 ], [ 44.097504102000073, 10.589260158000059 ], [ 44.149587436000047, 10.559149481000077 ], [ 44.274261915000068, 10.456732489000046 ], [ 44.303721550000034, 10.439846096000053 ], [ 44.347554291000051, 10.41451141400006 ], [ 44.389199603000066, 10.397206508000068 ], [ 44.465257985000051, 10.401480570000047 ], [ 44.541423242000064, 10.39274339800005 ], [ 44.58614884900004, 10.383584652000081 ], [ 44.627328970000065, 10.390612546000057 ], [ 44.661857276000035, 10.402411162000078 ], [ 44.72106328700005, 10.419384066000077 ], [ 44.750662429000045, 10.427865496000038 ], [ 44.790324355000052, 10.42348407500009 ], [ 44.854784437000035, 10.414529096000081 ], [ 44.899365643000067, 10.411813712000082 ], [ 44.962008688000083, 10.415799432000085 ], [ 44.994151238000086, 10.442694403000075 ], [ 44.98796634200005, 10.46039459800005 ], [ 45.001475457000083, 10.46039459800005 ], [ 45.111338738000086, 10.525580145000049 ], [ 45.126719597000033, 10.53196849200009 ], [ 45.157237175000034, 10.541083075000074 ], [ 45.252289259000065, 10.600531317000048 ], [ 45.320567254000082, 10.662095445000091 ], [ 45.33725019600007, 10.670843817000048 ], [ 45.354746941000087, 10.668850002000056 ], [ 45.373220248000052, 10.66242096600007 ], [ 45.392425977000073, 10.658392645000049 ], [ 45.409190300000034, 10.659491278000075 ], [ 45.445323113000086, 10.667792059000078 ], [ 45.487071160000085, 10.684719143000052 ], [ 45.516612175000034, 10.701971747000073 ], [ 45.542979363000086, 10.721665757000039 ], [ 45.573008660000085, 10.75812409100007 ], [ 45.586110873000052, 10.765855210000041 ], [ 45.662282748000052, 10.790594794000071 ], [ 45.673106316000087, 10.796210028000075 ], [ 45.68490644600007, 10.80890534100007 ], [ 45.694590691000087, 10.822251695000091 ], [ 45.70639082100007, 10.832831122000073 ], [ 45.724619988000086, 10.837144273000092 ], [ 45.73796634200005, 10.843573309000078 ], [ 45.75359134200005, 10.87173086100006 ], [ 45.769297722000033, 10.878119208000044 ], [ 45.787364129000082, 10.877752997000073 ], [ 45.802744988000086, 10.87531159100007 ], [ 45.816905144000089, 10.869208075000074 ], [ 45.831309441000087, 10.857611395000049 ], [ 45.840179884000065, 10.844671942000048 ], [ 45.846690300000034, 10.832261460000041 ], [ 45.855642123000052, 10.823960679000038 ], [ 45.872325066000087, 10.823472398000092 ], [ 45.868174675000034, 10.841376044000071 ], [ 45.88445071700005, 10.841213283000059 ], [ 45.977549675000034, 10.79913971600007 ], [ 46.012543165000068, 10.794745184000078 ], [ 46.047618035000085, 10.785305080000057 ], [ 46.063731316000087, 10.778794664000088 ], [ 46.102224155000044, 10.770656643000052 ], [ 46.137217644000089, 10.776312567000048 ], [ 46.207367384000065, 10.796210028000075 ], [ 46.237559441000087, 10.79242584800005 ], [ 46.263194207000083, 10.776841539000088 ], [ 46.307139519000089, 10.731024481000077 ], [ 46.335134311000047, 10.70970286700009 ], [ 46.370127800000034, 10.696844794000071 ], [ 46.408702019000089, 10.691595770000049 ], [ 46.447764519000089, 10.693101304000038 ], [ 46.482432488000086, 10.701361395000049 ], [ 46.499847852000073, 10.708482164000088 ], [ 46.527679884000065, 10.726223049000055 ], [ 46.560720248000052, 10.731675523000092 ], [ 46.588715040000068, 10.743312893000052 ], [ 46.629161004000082, 10.745062567000048 ], [ 46.646250847000033, 10.747748114000046 ], [ 46.659678582000083, 10.754339911000045 ], [ 46.694102410000085, 10.781927802000041 ], [ 46.782237175000034, 10.82172272300005 ], [ 46.82195071700005, 10.852606512000079 ], [ 46.865977410000085, 10.871893622000073 ], [ 46.871836785000085, 10.878078518000052 ], [ 46.881358269000089, 10.893133856000077 ], [ 46.886485222000033, 10.898586330000057 ], [ 46.893565300000034, 10.901556708000044 ], [ 46.907399936000047, 10.903143622000073 ], [ 46.913828972000033, 10.905462958000044 ], [ 47.008067254000082, 10.938950914000088 ], [ 47.082774285000085, 10.995266018000052 ], [ 47.132334832000083, 11.03579336100006 ], [ 47.16765384200005, 11.072088934000078 ], [ 47.180674675000034, 11.080471096000053 ], [ 47.226735873000052, 11.093817450000074 ], [ 47.238780144000089, 11.101263739000046 ], [ 47.26335696700005, 11.120794989000046 ], [ 47.36687259200005, 11.172796942000048 ], [ 47.386241082000083, 11.180121161000045 ], [ 47.40593509200005, 11.184637762000079 ], [ 47.437022332000083, 11.179836330000057 ], [ 47.489512566000087, 11.19281647300005 ], [ 47.522715691000087, 11.18695709800005 ], [ 47.677744988000086, 11.107977606000077 ], [ 47.710459832000083, 11.101263739000046 ], [ 47.767344597000033, 11.130194403000075 ], [ 47.892832879000082, 11.132554429000038 ], [ 47.948252800000034, 11.125148830000057 ], [ 48.130381707000083, 11.136664130000042 ], [ 48.160817905000044, 11.145656643000052 ], [ 48.17351321700005, 11.157131252000056 ], [ 48.195811394000089, 11.186835028000075 ], [ 48.215586785000085, 11.196234442000048 ], [ 48.217295769000089, 11.203680731000077 ], [ 48.219899936000047, 11.211127020000049 ], [ 48.229340040000068, 11.214504299000055 ], [ 48.246592644000089, 11.214260158000059 ], [ 48.255137566000087, 11.215073960000041 ], [ 48.273610873000052, 11.220404364000046 ], [ 48.294200066000087, 11.222601630000042 ], [ 48.304209832000083, 11.227525132000039 ], [ 48.310557488000086, 11.234767971000053 ], [ 48.313324415000068, 11.242010809000078 ], [ 48.314952019000089, 11.249009507000039 ], [ 48.318369988000086, 11.255519924000055 ], [ 48.331309441000087, 11.268703518000052 ], [ 48.342784050000034, 11.275458075000074 ], [ 48.373057488000086, 11.282171942000048 ], [ 48.444346550000034, 11.289252020000049 ], [ 48.478526238000086, 11.29633209800005 ], [ 48.506846550000034, 11.313544012000079 ], [ 48.521983269000089, 11.319281317000048 ], [ 48.585948113000086, 11.316961981000077 ], [ 48.636892123000052, 11.329413153000075 ], [ 48.654795769000089, 11.330633856000077 ], [ 48.723887566000087, 11.315252997000073 ], [ 48.762461785000085, 11.301011460000041 ], [ 48.800629102000073, 11.279038804000038 ], [ 48.888845248000052, 11.250555731000077 ], [ 48.904063347000033, 11.247748114000046 ], [ 48.921153191000087, 11.248032945000091 ], [ 48.939111999918396, 11.249129976167438 ] ] ], [ [ [ 43.452565951000054, 11.464422919000071 ], [ 43.460134311000047, 11.470770575000074 ], [ 43.473155144000089, 11.457098700000074 ], [ 43.46810957100007, 11.447739976000037 ], [ 43.457530144000089, 11.439032294000071 ], [ 43.453786655000044, 11.445095119000086 ], [ 43.44695071700005, 11.456447658000059 ], [ 43.452565951000054, 11.464422919000071 ] ] ], [ [ [ 43.36882571700005, 11.532945054000038 ], [ 43.370941602000073, 11.527492580000057 ], [ 43.367849155000044, 11.517604885000083 ], [ 43.369395379000082, 11.509426174000055 ], [ 43.364756707000083, 11.488226630000042 ], [ 43.362233920000051, 11.474595445000091 ], [ 43.355723504000082, 11.472438869000086 ], [ 43.340342644000089, 11.465196031000062 ], [ 43.334727410000085, 11.462103583000044 ], [ 43.334157748000052, 11.46710846600007 ], [ 43.349457227000073, 11.476467190000051 ], [ 43.355723504000082, 11.484523830000057 ], [ 43.357269727000073, 11.49164459800005 ], [ 43.36101321700005, 11.495835679000038 ], [ 43.361908399000072, 11.504095770000049 ], [ 43.36459394600007, 11.528225002000056 ], [ 43.36882571700005, 11.532945054000038 ] ] ] ] } },
{ "type": "Feature", "properties": { "featurecla": "Admin-0 claim area", "scalerank": 0, "LABELRANK": 7, "SOVEREIGNT": "Western Sahara", "SOV_A3": "SAH", "ADM0_DIF": 0, "LEVEL": 2, "TYPE": "Indeterminate", "TLC": "1", "ADMIN": "Western Sahara", "ADM0_A3": "SAH", "GEOU_DIF": 0, "GEOUNIT": "Western Sahara", "GU_A3": "SAH", "SU_DIF": 0, "SUBUNIT": "Western Sahara", "SU_A3": "SAH", "BRK_DIFF": 1, "NAME": "W. Sahara", "NAME_LONG": "Western Sahara", "BRK_A3": "B28", "BRK_NAME": "W. Sahara", "BRK_GROUP": null, "ABBREV": "W. Sah.", "POSTAL": "WS", "FORMAL_EN": "Sahrawi Arab Democratic Republic", "FORMAL_FR": null, "NAME_CIAWF": "Western Sahara", "NOTE_ADM0": null, "NOTE_BRK": "Self admin.; Claimed by Morocco", "NAME_SORT": "Western Sahara", "NAME_ALT": null, "MAPCOLOR7": 4, "MAPCOLOR8": 7, "MAPCOLOR9": 4, "MAPCOLOR13": 4, "POP_EST": 603253, "POP_RANK": 11, "POP_YEAR": 2017, "GDP_MD": 907.0, "GDP_YEAR": 2007, "ECONOMY": "7. Least developed region", "INCOME_GRP": "5. Low income", "FIPS_10": "WI", "ISO_A2": "EH", "ISO_A2_EH": "EH", "ISO_A3": "ESH", "ISO_A3_EH": "ESH", "ISO_N3": "732", "ISO_N3_EH": "732", "UN_A3": "732", "WB_A2": "-99", "WB_A3": "-99", "WOE_ID": 23424990, "WOE_ID_EH": 23424990, "WOE_NOTE": "Exact WOE match as country", "ADM0_ISO": "B28", "ADM0_DIFF": null, "ADM0_TLC": "B28", "ADM0_A3_US": "SAH", "ADM0_A3_FR": "MAR", "ADM0_A3_RU": "SAH", "ADM0_A3_ES": "SAH", "ADM0_A3_CN": "SAH", "ADM0_A3_TW": "SAH", "ADM0_A3_IN": "MAR", "ADM0_A3_NP": "SAH", "ADM0_A3_PK": "SAH", "ADM0_A3_DE": "SAH", "ADM0_A3_GB": "SAH", "ADM0_A3_BR": "SAH", "ADM0_A3_IL": "SAH", "ADM0_A3_PS": "MAR", "ADM0_A3_SA": "MAR", "ADM0_A3_EG": "SAH", "ADM0_A3_MA": "MAR", "ADM0_A3_PT": "SAH", "ADM0_A3_AR": "SAH", "ADM0_A3_JP": "SAH", "ADM0_A3_KO": "SAH", "ADM0_A3_VN": "SAH", "ADM0_A3_TR": "MAR", "ADM0_A3_ID": "MAR", "ADM0_A3_PL": "MAR", "ADM0_A3_GR": "SAH", "ADM0_A3_IT": "SAH", "ADM0_A3_NL": "MAR", "ADM0_A3_SE": "SAH", "ADM0_A3_BD": "SAH", "ADM0_A3_UA": "SAH", "ADM0_A3_UN": -99, "ADM0_A3_WB": -99, "CONTINENT": "Africa", "REGION_UN": "Africa", "SUBREGION": "Northern Africa", "REGION_WB": "Middle East & North Africa", "NAME_LEN": 9, "LONG_LEN": 14, "ABBREV_LEN": 7, "TINY": -99, "HOMEPART": 1, "MIN_ZOOM": 4.7, "MIN_LABEL": 6.0, "MAX_LABEL": 11.0, "LABEL_X": -12.630304, "LABEL_Y": 23.967592, "NE_ID": 1159321223, "WIKIDATAID": "Q6250", "NAME_AR": "الصحراء الغربية", "NAME_BN": "পশ্চিম সাহারা", "NAME_DE": "Westsahara", "NAME_EN": "Western Sahara", "NAME_ES": "Sahara Occidental", "NAME_FA": "صحرای غربی", "NAME_FR": "Sahara occidental", "NAME_EL": "Δυτική Σαχάρα", "NAME_HE": "סהרה המערבית", "NAME_HI": "पश्चिमी सहारा", "NAME_HU": "Nyugat-Szahara", "NAME_ID": "Sahara Barat", "NAME_IT": "Sahara Occidentale", "NAME_JA": "西サハラ", "NAME_KO": "서사하라", "NAME_NL": "Westelijke Sahara", "NAME_PL": "Sahara Zachodnia", "NAME_PT": "Sara Ocidental", "NAME_RU": "Западная Сахара", "NAME_SV": "Västsahara", "NAME_TR": "Batı Sahra", "NAME_UK": "Західна Сахара", "NAME_UR": "مغربی صحارا", "NAME_VI": "Tây Sahara", "NAME_ZH": "西撒哈拉", "NAME_ZHT": "西撒哈拉", "FCLASS_ISO": "Admin-0 dependency", "TLC_DIFF": null, "FCLASS_TLC": "Admin-0 dependency", "FCLASS_US": null, "FCLASS_FR": "Unrecognized", "FCLASS_RU": null, "FCLASS_ES": null, "FCLASS_CN": null, "FCLASS_TW": null, "FCLASS_IN": "Unrecognized", "FCLASS_NP": null, "FCLASS_PK": null, "FCLASS_DE": null, "FCLASS_GB": null, "FCLASS_BR": null, "FCLASS_IL": null, "FCLASS_PS": "Unrecognized", "FCLASS_SA": "Unrecognized", "FCLASS_EG": null, "FCLASS_MA": "Unrecognized", "FCLASS_PT": null, "FCLASS_AR": null, "FCLASS_JP": null, "FCLASS_KO": null, "FCLASS_VN": null, "FCLASS_TR": "Unrecognized", "FCLASS_ID": "Unrecognized", "FCLASS_PL": "Unrecognized", "FCLASS_GR": null, "FCLASS_IT": null, "FCLASS_NL": "Unrecognized", "FCLASS_SE": null, "FCLASS_BD": null, "FCLASS_UA": null }, "geometry": { "type": "MultiPolygon", "coordinates": [ [ [ [ -8.817034779999915, 27.661464011000092 ], [ -8.816537230999955, 27.661465149 ], [ -8.752561807999882, 27.66143931100008 ], [ -8.68238521299989, 27.66143931100008 ], [ -8.68238521299989, 27.567414042000038 ], [ -8.68238521299989, 27.473466288000012 ], [ -8.68238521299989, 27.379466858000072 ], [ -8.68238521299989, 27.285415751000116 ], [ -8.682281860999865, 27.271669821000089 ], [ -8.682230183999962, 27.232705790000082 ], [ -8.682230183999962, 27.17214101200004 ], [ -8.682075154999922, 27.093696188000123 ], [ -8.681920124999891, 27.000833638000088 ], [ -8.681816772999952, 26.89717071500003 ], [ -8.681661742999893, 26.786324768 ], [ -8.681558389999879, 26.671913147000012 ], [ -8.681455036999864, 26.557449850000026 ], [ -8.681300008999898, 26.446603902 ], [ -8.681144978999953, 26.34299265600005 ], [ -8.681041625999853, 26.250181783000031 ], [ -8.680938272999896, 26.1716336060001 ], [ -8.680860757999881, 26.111120504000056 ], [ -8.680860757999881, 26.072208150000066 ], [ -8.680809081999882, 26.058410543000022 ], [ -8.680809081999882, 26.013141989000033 ], [ -8.687656208999925, 26.000016175000056 ], [ -8.707215738999935, 25.99500356 ], [ -8.792042602999885, 25.99500356 ], [ -8.892863321999897, 25.994951884000088 ], [ -8.993580688999941, 25.994951884000088 ], [ -9.094246378999912, 25.994951884000088 ], [ -9.195015421999898, 25.994951884000088 ], [ -9.295732787999953, 25.994951884000088 ], [ -9.396450154999911, 25.994951884000088 ], [ -9.497167520999881, 25.994951884000088 ], [ -9.597884887999953, 25.994951884000088 ], [ -9.698653930999939, 25.994951884000088 ], [ -9.799371297999897, 25.994951884000088 ], [ -9.900036986999851, 25.994951884000088 ], [ -10.000806030999911, 25.994951884000088 ], [ -10.10152339699988, 25.994951884000088 ], [ -10.202292439999951, 25.994951884000088 ], [ -10.302958129999922, 25.994951884000088 ], [ -10.403675496999881, 25.994951884000088 ], [ -10.504444539999952, 25.994951884000088 ], [ -10.605161905999921, 25.994951884000088 ], [ -10.705879272999908, 25.994951884000088 ], [ -10.806596639999952, 25.994951884000088 ], [ -10.907314005999922, 25.994951884000088 ], [ -11.008083047999918, 25.994951884000088 ], [ -11.108748738999878, 25.994951884000088 ], [ -11.209517781999949, 25.994951884000088 ], [ -11.310235147999919, 25.994951884000088 ], [ -11.410952514999877, 25.994951884000088 ], [ -11.511721557999863, 25.994951884000088 ], [ -11.612438923999918, 25.994951884000088 ], [ -11.713207966999903, 25.994951884000088 ], [ -11.813821980999933, 25.994951884000088 ], [ -11.914591023999918, 25.994951884000088 ], [ -12.015308389999888, 25.994900208000061 ], [ -12.015308389999888, 25.9192459100001 ], [ -12.015308389999888, 25.843694967000076 ], [ -12.015308389999888, 25.768092347000035 ], [ -12.015308389999888, 25.69248972600009 ], [ -12.015308389999888, 25.616938782000076 ], [ -12.015308389999888, 25.541336162000036 ], [ -12.015308389999888, 25.465733541000091 ], [ -12.015308389999888, 25.390182597000077 ], [ -12.015308389999888, 25.314579977000037 ], [ -12.015308389999888, 25.238925680000065 ], [ -12.015308389999888, 25.163323060000025 ], [ -12.015308389999888, 25.08779795400001 ], [ -12.015308389999888, 25.012247009000063 ], [ -12.015308389999888, 24.936618551000024 ], [ -12.015308389999888, 24.861015931000097 ], [ -12.015308389999888, 24.785464986000065 ], [ -12.015308389999888, 24.709862366000024 ], [ -12.015308389999888, 24.634259746000069 ], [ -12.015308389999888, 24.558631287000125 ], [ -12.015308389999888, 24.483080343 ], [ -12.015308389999888, 24.407477722000053 ], [ -12.015308389999888, 24.331900941000029 ], [ -12.015308389999888, 24.256298319000066 ], [ -12.015308389999888, 24.180695699000054 ], [ -12.015308389999888, 24.105093079000099 ], [ -12.015308389999888, 24.029542135000057 ], [ -12.015308389999888, 23.953939514000027 ], [ -12.015308389999888, 23.878311056000072 ], [ -12.015308389999888, 23.802734274000059 ], [ -12.015308389999888, 23.727105815000087 ], [ -12.015308389999888, 23.651477356000058 ], [ -12.015308389999888, 23.575926412000015 ], [ -12.015308389999888, 23.495181986000077 ], [ -12.019339151999873, 23.460998027000088 ], [ -12.032723347999905, 23.444978333000037 ], [ -12.1345775959999, 23.419346822000065 ], [ -12.353892374999873, 23.322479350000052 ], [ -12.389910847999943, 23.312531637000049 ], [ -12.558376017999933, 23.290284933000109 ], [ -12.619431721999916, 23.270828756000029 ], [ -12.68221858699988, 23.230753683000032 ], [ -12.789938109999866, 23.161868998000031 ], [ -12.915098428999954, 23.082054749000022 ], [ -13.015247354999872, 23.018001811000133 ], [ -13.034341796999854, 22.995212504000037 ], [ -13.119892130999915, 22.883539734000081 ], [ -13.152293253999915, 22.820003560000131 ], [ -13.165496581999889, 22.752695008000032 ], [ -13.154980427999931, 22.68879709900007 ], [ -13.106352904999909, 22.560226135000036 ], [ -13.093330444999879, 22.495475566000053 ], [ -13.076832743499864, 22.245439148500068 ], [ -13.060335041999906, 21.995402731000084 ], [ -13.032092883999951, 21.581939241 ], [ -13.026176920999944, 21.495329896 ], [ -13.015247354999872, 21.333427633000028 ], [ -13.161724202999949, 21.333427633000028 ], [ -13.203091186999899, 21.333375956000012 ], [ -13.31985408599985, 21.333375956000012 ], [ -13.501419229999954, 21.333375956000012 ], [ -13.736908731999932, 21.333324280000099 ], [ -14.015496378999927, 21.333272603000083 ], [ -14.295597564999923, 21.33322605900004 ], [ -14.32648514899995, 21.333220927000056 ], [ -14.658971312999881, 21.333169251000058 ], [ -15.002257853999936, 21.333169251000058 ], [ -15.345544392999926, 21.3330658980001 ], [ -15.678082234999891, 21.3330658980001 ], [ -15.98901932799987, 21.333014222000102 ], [ -16.26771032699989, 21.33291086800007 ], [ -16.503148152999955, 21.33291086800007 ], [ -16.684635782999862, 21.33291086800007 ], [ -16.801424519999898, 21.332859192000072 ], [ -16.84281734299995, 21.332859192000072 ], [ -16.958830932999973, 21.332859192000072 ], [ -16.968339395999863, 21.324590963000034 ], [ -16.985702677999967, 21.237826233000035 ], [ -17.004926309999888, 21.141914775000075 ], [ -17.047378499999922, 21.027399801000072 ], [ -17.054018920999937, 20.9954637660001 ], [ -17.077428344999902, 20.904513245000075 ], [ -17.0811748859999, 20.874747620000093 ], [ -17.05687415299991, 20.766913153000075 ], [ -17.068348761999914, 20.792466539000088 ], [ -17.100209113999938, 20.837591864000046 ], [ -17.104644334999932, 20.862494208000044 ], [ -17.101389126999948, 20.876166083000044 ], [ -17.092274542999917, 20.899888414000088 ], [ -17.090402798999946, 20.914007880000042 ], [ -17.090402798999946, 20.961818752000056 ], [ -17.086293097999942, 20.979315497000073 ], [ -17.067860480999911, 21.030910549000055 ], [ -17.026763475999928, 21.328924872000073 ], [ -17.017445441999939, 21.365057684000078 ], [ -17.015248175999943, 21.379828192000048 ], [ -17.013743325393165, 21.419971097583428 ], [ -16.950149291999907, 21.429752503000074 ], [ -16.729956013999896, 21.469801737000083 ], [ -16.580042683999949, 21.480550435000097 ], [ -16.189885620999945, 21.480550435000097 ], [ -16.040023965999922, 21.500084127 ], [ -15.919876260999956, 21.500084127 ], [ -15.749964151999905, 21.49031728100006 ], [ -15.60981766799992, 21.469801737000083 ], [ -15.459930175999915, 21.450268046000062 ], [ -15.289992227999932, 21.450268046000062 ], [ -15.149871581999946, 21.440501201000117 ], [ -14.970166788999848, 21.440501201000117 ], [ -14.83981298899991, 21.450268046000062 ], [ -14.749973510999894, 21.500084127 ], [ -14.669875040999926, 21.599664612000069 ], [ -14.640109415999859, 21.679763082000122 ], [ -14.60982702599992, 21.750068868000128 ], [ -14.620084797999908, 21.820374654000105 ], [ -14.629851643999871, 21.860423889000103 ], [ -14.580035563999928, 21.910239970000035 ], [ -14.519987548999922, 21.990338440000087 ], [ -14.459913695999887, 22.040102844000032 ], [ -14.439914916999953, 22.080152079000115 ], [ -14.379841064999937, 22.120201315000074 ], [ -14.310052042999871, 22.190507101 ], [ -14.270002806999884, 22.240297343000023 ], [ -14.220186726999941, 22.309647115000061 ], [ -14.209954793999884, 22.370186055000104 ], [ -14.189904337999934, 22.450258687000073 ], [ -14.189904337999934, 22.589914246000106 ], [ -14.169905558999886, 22.759852193000071 ], [ -14.140088256999888, 22.870181376000076 ], [ -14.120089477999954, 22.960046692000091 ], [ -14.100064860999908, 23.099676412000022 ], [ -14.039991007999902, 23.339920146000097 ], [ -14.019992227999865, 23.410251771 ], [ -13.97994299299998, 23.519599101000026 ], [ -13.930126912999953, 23.620187277000056 ], [ -13.890129353999981, 23.690493063000062 ], [ -13.83979650899991, 23.750075989000052 ], [ -13.769981648999931, 23.790125224000022 ], [ -13.660117553999982, 23.830122782000089 ], [ -13.580044921999928, 23.870197856000075 ], [ -13.479947671999923, 23.910221253000046 ], [ -13.390108194999925, 23.940503642000081 ], [ -13.310009724999873, 23.980552877000051 ], [ -13.279753173999922, 24.019594421000065 ], [ -13.229962931999921, 24.089900207000071 ], [ -13.160122233999942, 24.219814758000055 ], [ -13.120098836999944, 24.299861552000024 ], [ -13.060024983999938, 24.400475566000054 ], [ -12.990184285999874, 24.469799500000093 ], [ -12.946880247999957, 24.496748253000064 ], [ -12.910137491999905, 24.519589742000036 ], [ -12.819781249999949, 24.570387675000021 ], [ -12.709942992999913, 24.629970602000114 ], [ -12.62984452399985, 24.679760844000029 ], [ -12.560029662999881, 24.730532939000042 ], [ -12.499981648999949, 24.769600322000045 ], [ -12.430140949999895, 24.830165101000105 ], [ -12.399884399999877, 24.879955343000049 ], [ -12.35983516399989, 24.969794821000036 ], [ -12.310019083999862, 25.110432230000058 ], [ -12.269969848999978, 25.259802958000037 ], [ -12.229946451999893, 25.419999899000075 ], [ -12.200154988999913, 25.519580384000037 ], [ -12.169872599999877, 25.639728088000069 ], [ -12.129849202999907, 25.730549419000042 ], [ -12.100057738999908, 25.830155742 ], [ -12.080058959999889, 25.870204976000096 ], [ -12.080058959999889, 25.91996938100003 ], [ -12.060008504999928, 25.990301005000035 ], [ -12.055823329999953, 25.995829570000055 ], [ -12.029751952999902, 26.030350241000107 ], [ -11.959911254999923, 26.049883932000014 ], [ -11.879864460999983, 26.070399475000087 ], [ -11.75387731999993, 26.086005758000042 ], [ -11.717238728999888, 26.1035757450001 ], [ -11.698221801999921, 26.162176819000123 ], [ -11.68354569499985, 26.212974752000022 ], [ -11.636210083999885, 26.294985250000096 ], [ -11.582983356999904, 26.360407614000067 ], [ -11.552210042999945, 26.400456849000065 ], [ -11.51068802899988, 26.46980662 ], [ -11.469708618999931, 26.519596863000046 ], [ -11.39891190599991, 26.583081360000094 ], [ -11.336900186999856, 26.632897441000026 ], [ -11.315867878999939, 26.683643697000022 ], [ -11.315867878999939, 26.744208476000054 ], [ -11.360309610999906, 26.793042705000047 ], [ -11.391573852999898, 26.882908021000063 ], [ -11.26264115399988, 26.910219015000067 ], [ -11.1493664139999, 26.940501404000102 ], [ -11.045858520999957, 26.969801941000057 ], [ -10.921835082999877, 27.009825338000027 ], [ -10.829075886999874, 27.009825338000027 ], [ -10.756780557999917, 27.019592184000075 ], [ -10.653272664999918, 27.000058492000065 ], [ -10.550281534999925, 26.990291647000035 ], [ -10.477986206999958, 26.960035095000094 ], [ -10.353962768999878, 26.900478007000018 ], [ -10.250454873999956, 26.860428773000038 ], [ -10.18844315599992, 26.860428773000038 ], [ -10.122038939999868, 26.879962464000059 ], [ -10.065866657999891, 26.908281148000057 ], [ -10.031708536999929, 26.910219015000067 ], [ -9.979928751999864, 26.889729309000089 ], [ -9.89936519399987, 26.849680075000023 ], [ -9.816863769999941, 26.849680075000023 ], [ -9.734362345999926, 26.860428773000038 ], [ -9.672350625999883, 26.910219015000067 ], [ -9.56884273299994, 26.990291647000035 ], [ -9.486315469999852, 27.04987457300011 ], [ -9.412056436999961, 27.087960104000061 ], [ -9.352008422999859, 27.097726949000034 ], [ -9.284622354999925, 27.097726949000034 ], [ -9.207469441999876, 27.099690654000042 ], [ -9.083446003999882, 27.089923808 ], [ -9.000918741999953, 27.089923808 ], [ -8.888109089999887, 27.103566386000111 ], [ -8.79390295399989, 27.120180359000116 ], [ -8.752871866999953, 27.150462749000056 ], [ -8.752871866999953, 27.190486146000026 ], [ -8.773387410999931, 27.250069072000102 ], [ -8.795840819999938, 27.307688294000073 ], [ -8.801706094999929, 27.360424092000088 ], [ -8.7880118409999, 27.416053772000012 ], [ -8.773387410999931, 27.460030416000066 ], [ -8.783619343999902, 27.530362040000071 ], [ -8.812919880999885, 27.613354391000101 ], [ -8.818449258999863, 27.659398092000018 ], [ -8.817034779999915, 27.661464011000092 ] ] ] ] } },
{ "type": "Feature", "properties": { "featurecla": "Admin-0 claim area", "scalerank": 1, "LABELRANK": 6, "SOVEREIGNT": "Northern Cyprus", "SOV_A3": "CYN", "ADM0_DIF": 0, "LEVEL": 5, "TYPE": "Disputed", "TLC": null, "ADMIN": "Northern Cyprus", "ADM0_A3": "CYN", "GEOU_DIF": 0, "GEOUNIT": "Northern Cyprus", "GU_A3": "CYN", "SU_DIF": 0, "SUBUNIT": "Northern Cyprus", "SU_A3": "CYN", "BRK_DIFF": 1, "NAME": "N. Cyprus", "NAME_LONG": "Northern Cyprus", "BRK_A3": "B20", "BRK_NAME": "N. Cyprus", "BRK_GROUP": null, "ABBREV": "N. Cy.", "POSTAL": "CN", "FORMAL_EN": "Turkish Republic of Northern Cyprus", "FORMAL_FR": null, "NAME_CIAWF": null, "NOTE_ADM0": "Self admin.", "NOTE_BRK": "Self admin.; Claimed by Cyprus", "NAME_SORT": "Cyprus, Northern", "NAME_ALT": null, "MAPCOLOR7": 3, "MAPCOLOR8": 1, "MAPCOLOR9": 4, "MAPCOLOR13": 8, "POP_EST": 326000, "POP_RANK": 10, "POP_YEAR": 2017, "GDP_MD": 3600.0, "GDP_YEAR": 2013, "ECONOMY": "6. Developing region", "INCOME_GRP": "3. Upper middle income", "FIPS_10": "-99", "ISO_A2": "-99", "ISO_A2_EH": "-99", "ISO_A3": "-99", "ISO_A3_EH": "-99", "ISO_N3": "-99", "ISO_N3_EH": "-99", "UN_A3": "-099", "WB_A2": "-99", "WB_A3": "-99", "WOE_ID": -90, "WOE_ID_EH": 23424995, "WOE_NOTE": "WOE lists as subunit of united Cyprus", "ADM0_ISO": "CYP", "ADM0_DIFF": "1", "ADM0_TLC": "CYN", "ADM0_A3_US": "CYP", "ADM0_A3_FR": "CYP", "ADM0_A3_RU": "CYP", "ADM0_A3_ES": "CYP", "ADM0_A3_CN": "CYP", "ADM0_A3_TW": "CYP", "ADM0_A3_IN": "CYP", "ADM0_A3_NP": "CYP", "ADM0_A3_PK": "CYP", "ADM0_A3_DE": "CYP", "ADM0_A3_GB": "CYP", "ADM0_A3_BR": "CYP", "ADM0_A3_IL": "CYP", "ADM0_A3_PS": "CYP", "ADM0_A3_SA": "CYP", "ADM0_A3_EG": "CYP", "ADM0_A3_MA": "CYP", "ADM0_A3_PT": "CYP", "ADM0_A3_AR": "CYP", "ADM0_A3_JP": "CYP", "ADM0_A3_KO": "CYP", "ADM0_A3_VN": "CYP", "ADM0_A3_TR": "CYN", "ADM0_A3_ID": "CYP", "ADM0_A3_PL": "CYP", "ADM0_A3_GR": "CYP", "ADM0_A3_IT": "CYP", "ADM0_A3_NL": "CYP", "ADM0_A3_SE": "CYP", "ADM0_A3_BD": "CYP", "ADM0_A3_UA": "CYP", "ADM0_A3_UN": -99, "ADM0_A3_WB": -99, "CONTINENT": "Asia", "REGION_UN": "Asia", "SUBREGION": "Western Asia", "REGION_WB": "Europe & Central Asia", "NAME_LEN": 9, "LONG_LEN": 15, "ABBREV_LEN": 6, "TINY": -99, "HOMEPART": 1, "MIN_ZOOM": 0.0, "MIN_LABEL": 6.0, "MAX_LABEL": 10.0, "LABEL_X": 33.692434, "LABEL_Y": 35.216071, "NE_ID": 1159320531, "WIKIDATAID": "Q23681", "NAME_AR": "قبرص الشمالية", "NAME_BN": "উত্তর সাইপ্রাস", "NAME_DE": "Türkische Republik Nordzypern", "NAME_EN": "Turkish Republic of Northern Cyprus", "NAME_ES": "República Turca del Norte de Chipre", "NAME_FA": "جمهوری ترک قبرس شمالی", "NAME_FR": "Chypre du Nord", "NAME_EL": "Τουρκική Δημοκρατία της Βόρειας Κύπρου", "NAME_HE": "הרפובליקה הטורקית של צפון קפריסין", "NAME_HI": "उत्तरी साइप्रस", "NAME_HU": "Észak-Ciprus", "NAME_ID": "Republik Turki Siprus Utara", "NAME_IT": "Cipro del Nord", "NAME_JA": "北キプロス・トルコ共和国", "NAME_KO": "북키프로스", "NAME_NL": "Noord-Cyprus", "NAME_PL": "Cypr Północny", "NAME_PT": "República Turca do Chipre do Norte", "NAME_RU": "Турецкая Республика Северного Кипра", "NAME_SV": "Nordcypern", "NAME_TR": "Kuzey Kıbrıs Türk Cumhuriyeti", "NAME_UK": "Турецька Республіка Північного Кіпру", "NAME_UR": "ترک جمہوریہ شمالی قبرص", "NAME_VI": "Bắc Síp", "NAME_ZH": "北塞浦路斯土耳其共和国", "NAME_ZHT": "北賽普勒斯土耳其共和國", "FCLASS_ISO": "Unrecognized", "TLC_DIFF": null, "FCLASS_TLC": "Unrecognized", "FCLASS_US": "Admin-0 breakaway and disputed", "FCLASS_FR": "Unrecognized", "FCLASS_RU": "Unrecognized", "FCLASS_ES": "Unrecognized", "FCLASS_CN": "Unrecognized", "FCLASS_TW": "Unrecognized", "FCLASS_IN": "Unrecognized", "FCLASS_NP": "Unrecognized", "FCLASS_PK": "Unrecognized", "FCLASS_DE": "Unrecognized", "FCLASS_GB": "Unrecognized", "FCLASS_BR": "Unrecognized", "FCLASS_IL": "Unrecognized", "FCLASS_PS": "Unrecognized", "FCLASS_SA": "Unrecognized", "FCLASS_EG": "Unrecognized", "FCLASS_MA": "Unrecognized", "FCLASS_PT": "Unrecognized", "FCLASS_AR": "Unrecognized", "FCLASS_JP": "Unrecognized", "FCLASS_KO": "Unrecognized", "FCLASS_VN": "Unrecognized", "FCLASS_TR": "Admin-0 country", "FCLASS_ID": "Unrecognized", "FCLASS_PL": "Unrecognized", "FCLASS_GR": "Unrecognized", "FCLASS_IT": "Unrecognized", "FCLASS_NL": "Unrecognized", "FCLASS_SE": "Unrecognized", "FCLASS_BD": "Unrecognized", "FCLASS_UA": "Unrecognized" }, "geometry": { "type": "MultiPolygon", "coordinates": [ [ [ [ 34.012288940472615, 35.063795258569357 ], [ 34.008910767000089, 35.059721578000037 ], [ 33.962918742000113, 35.068299867000079 ], [ 33.941111287000069, 35.059721578000037 ], [ 33.925401652000119, 35.062770487000066 ], [ 33.912895955000124, 35.065922750000126 ], [ 33.906591431000038, 35.069049174000085 ], [ 33.906505327911546, 35.069104910749289 ], [ 33.908245077000061, 35.07072865800005 ], [ 33.914446249000036, 35.073054098000071 ], [ 33.921474244000137, 35.080702210000041 ], [ 33.913619425000036, 35.090882466000025 ], [ 33.905867961000126, 35.090882466000025 ], [ 33.905867961000126, 35.096360169 ], [ 33.903594198000121, 35.099512431000065 ], [ 33.898839966000082, 35.108814189000086 ], [ 33.891811971000095, 35.110467834000033 ], [ 33.889434855000047, 35.118994446000059 ], [ 33.876205689000074, 35.118994446000059 ], [ 33.871554810000077, 35.100235901000062 ], [ 33.871554810000077, 35.085456442000051 ], [ 33.876929159000042, 35.076826477000097 ], [ 33.871554810000077, 35.073054098000071 ], [ 33.866903930000035, 35.066749573000052 ], [ 33.853571411000075, 35.058171285000029 ], [ 33.842719360000046, 35.056620993000095 ], [ 33.834864542000048, 35.063597311000095 ], [ 33.824012492000065, 35.066749573000052 ], [ 33.798277628000108, 35.052641907000023 ], [ 33.794350220000126, 35.040187887000044 ], [ 33.786495402000071, 35.038534241 ], [ 33.775539999000102, 35.040187887000044 ], [ 33.766134888000067, 35.031609599000021 ], [ 33.739676554000141, 35.04721588200006 ], [ 33.718489217000126, 35.032384745000016 ], [ 33.707585489000053, 35.029284160000074 ], [ 33.711461222000082, 35.04096303300004 ], [ 33.719367716000136, 35.062770487000066 ], [ 33.714716838000072, 35.066749573000052 ], [ 33.705311727000037, 35.066749573000052 ], [ 33.694459675000076, 35.058171285000029 ], [ 33.678853394000043, 35.055794169000066 ], [ 33.674099162000061, 35.046440734000029 ], [ 33.675649455000041, 35.037035624000069 ], [ 33.679434599000103, 35.033898764000057 ], [ 33.670998576000102, 35.030834453000082 ], [ 33.656115763000059, 35.032384745000016 ], [ 33.652188354000089, 35.030834453000082 ], [ 33.637512248000121, 35.030834453000082 ], [ 33.614051147000112, 35.046440734000029 ], [ 33.602268921000132, 35.041686503000037 ], [ 33.591520224000078, 35.033935039000042 ], [ 33.578962850000096, 35.03548533200005 ], [ 33.566405476000057, 35.043340149000088 ], [ 33.561754597000117, 35.058171285000029 ], [ 33.555450073000088, 35.066749573000052 ], [ 33.546871785000064, 35.073054098000071 ], [ 33.540670614000078, 35.073054098000071 ], [ 33.536794882000038, 35.066749573000052 ], [ 33.53519291200007, 35.056620993000095 ], [ 33.528991740000038, 35.055794169000066 ], [ 33.516434366000112, 35.059721578000037 ], [ 33.507184285000108, 35.061271872000063 ], [ 33.500156290000064, 35.061271872000063 ], [ 33.493851767000081, 35.056620993000095 ], [ 33.486203654000064, 35.038534241 ], [ 33.481449422000082, 35.031609599000021 ], [ 33.478348837000055, 35.019103903000101 ], [ 33.476798543000143, 35.008975322000069 ], [ 33.476798543000143, 35.002722473000048 ], [ 33.466566610000143, 35.005099589000011 ], [ 33.465843140000061, 35.014401347000032 ], [ 33.471320842000068, 35.038534241 ], [ 33.476798543000143, 35.057396139 ], [ 33.476798543000143, 35.076826477000097 ], [ 33.476798543000143, 35.09480987600007 ], [ 33.469770548000042, 35.104163310000033 ], [ 33.450960326000086, 35.13222361300005 ], [ 33.44000492400005, 35.148656718000026 ], [ 33.427705933000084, 35.168138733000021 ], [ 33.424501994000138, 35.182194723000023 ], [ 33.421401408000065, 35.193873596000103 ], [ 33.413546590000067, 35.19940297400008 ], [ 33.400317423000047, 35.197749329000047 ], [ 33.388535197000067, 35.188395895 ], [ 33.380783732000054, 35.178267314000053 ], [ 33.374530884000137, 35.174339906000071 ], [ 33.344816935000097, 35.166640117 ], [ 33.326213419000112, 35.166640117 ], [ 33.315258016000143, 35.161885885000103 ], [ 33.299600057000077, 35.162661032000116 ], [ 33.270816284000091, 35.168965556000032 ], [ 33.240223836000041, 35.171290996000053 ], [ 33.223997436000047, 35.17914581300009 ], [ 33.190252726000097, 35.189946187000132 ], [ 33.157489868000084, 35.18529530800005 ], [ 33.14193526300005, 35.1806444300001 ], [ 33.120127807000131, 35.160335592000067 ], [ 33.10912072800005, 35.158785299000058 ], [ 33.095839884000043, 35.169740703000045 ], [ 33.078683309000041, 35.165089824000077 ], [ 33.056100708000145, 35.155684713000099 ], [ 33.031140991000143, 35.149431864000022 ], [ 33.013984416000085, 35.141628723000096 ], [ 32.989076376000128, 35.131448466000037 ], [ 32.9695426830001, 35.112793274000055 ], [ 32.94690840700008, 35.102613017000081 ], [ 32.934351034000144, 35.100235901000062 ], [ 32.922723836000102, 35.098737284000052 ], [ 32.911768433000134, 35.100235901000062 ], [ 32.888410685000053, 35.102613017000081 ], [ 32.87673181100007, 35.100235901000062 ], [ 32.870427286000051, 35.097962138000028 ], [ 32.861022177000109, 35.087781881000055 ], [ 32.854924358000062, 35.079151917000033 ], [ 32.839214721000076, 35.079927064000046 ], [ 32.829912963000083, 35.100235901000062 ], [ 32.814306682000051, 35.116617330000011 ], [ 32.794772990000126, 35.12679758700007 ], [ 32.759633016000066, 35.133773906000059 ], [ 32.743975057000114, 35.137752991000056 ], [ 32.73152103700005, 35.143179016000104 ], [ 32.720565633000035, 35.153359274000096 ], [ 32.71271081600014, 35.163436178000026 ], [ 32.710592081000073, 35.175321758000067 ], [ 32.711388415000044, 35.181631709000058 ], [ 32.745371941000087, 35.17804596600007 ], [ 32.776377800000034, 35.170843817000048 ], [ 32.801442905000044, 35.157131252000056 ], [ 32.828379754000082, 35.148586330000057 ], [ 32.865244988000086, 35.15696849200009 ], [ 32.892588738000086, 35.175034898000035 ], [ 32.914724155000044, 35.200832424000055 ], [ 32.92937259200005, 35.232977606000077 ], [ 32.934743686000047, 35.270575262000079 ], [ 32.936045769000089, 35.336615302000041 ], [ 32.932139519000089, 35.366278387000079 ], [ 32.920420769000089, 35.397772528000075 ], [ 32.944346550000034, 35.394517320000034 ], [ 32.985362175000034, 35.374579169000071 ], [ 33.006114129000082, 35.36985911700009 ], [ 33.069795878000036, 35.358724094000081 ], [ 33.140080089000037, 35.362159422000047 ], [ 33.262461785000085, 35.349351304000038 ], [ 33.28060957100007, 35.342474677000041 ], [ 33.42750084700009, 35.328924872000073 ], [ 33.660329623000052, 35.359320380000042 ], [ 33.742849155000044, 35.397772528000075 ], [ 33.78350763800006, 35.416717511000058 ], [ 33.834646030000044, 35.409979559000078 ], [ 33.88793845500004, 35.423906290000048 ], [ 34.03562217700005, 35.47138308500007 ], [ 34.076289681000048, 35.494322917000034 ], [ 34.131190123000067, 35.511347354000065 ], [ 34.181651238000086, 35.554185289000088 ], [ 34.21038520500008, 35.559145535000084 ], [ 34.267789608000044, 35.572256183000036 ], [ 34.31967207100007, 35.586167710000041 ], [ 34.361479821000046, 35.608309450000036 ], [ 34.544200066000087, 35.67837148600006 ], [ 34.578461134000065, 35.68976471600007 ], [ 34.592539910000085, 35.691961981000077 ], [ 34.587087436000047, 35.688706773000035 ], [ 34.58366946700005, 35.684963283000059 ], [ 34.581309441000087, 35.681219794000071 ], [ 34.578868035000085, 35.67837148600006 ], [ 34.575450066000087, 35.650132554000038 ], [ 34.572764519000089, 35.643540757000039 ], [ 34.565440300000034, 35.641180731000077 ], [ 34.54232832100007, 35.637274481000077 ], [ 34.537282748000052, 35.633978583000044 ], [ 34.441416863000086, 35.583644924000055 ], [ 34.352305535000085, 35.520697333000044 ], [ 34.137705925000034, 35.415106512000079 ], [ 34.10906009200005, 35.394273179000038 ], [ 34.085459832000083, 35.36985911700009 ], [ 34.068207227000073, 35.337713934000078 ], [ 34.058929884000065, 35.324123440000051 ], [ 34.043793165000068, 35.315252997000073 ], [ 34.019786004000082, 35.314357815000051 ], [ 33.994883660000085, 35.319281317000048 ], [ 33.971364780000044, 35.321275132000039 ], [ 33.951670769000089, 35.311509507000039 ], [ 33.92359459700009, 35.278550523000035 ], [ 33.912119988000086, 35.259995835000041 ], [ 33.907399936000047, 35.24290599200009 ], [ 33.899912957000083, 35.164455471000053 ], [ 33.91374759200005, 35.156236070000034 ], [ 33.953623894000089, 35.122626044000071 ], [ 33.961924675000034, 35.112616278000075 ], [ 33.966807488000086, 35.100083726000037 ], [ 33.978688998000052, 35.087469794000071 ], [ 34.012288940472615, 35.063795258569357 ] ] ], [ [ [ 32.640694328000052, 35.187076833000035 ], [ 32.639433634000113, 35.183745017000049 ], [ 32.63478275600005, 35.17284128900009 ], [ 32.62620446800014, 35.165089824000077 ], [ 32.615197388000126, 35.163436178000026 ], [ 32.60274336700013, 35.174339906000071 ], [ 32.601898634000065, 35.178615627000056 ], [ 32.619395379000082, 35.184881903000075 ], [ 32.640694328000052, 35.187076833000035 ] ] ] ] } },
{ "type": "Feature", "properties": { "featurecla": "Admin-0 overlay", "scalerank": 1, "LABELRANK": 9, "SOVEREIGNT": "Cyprus No Mans Area", "SOV_A3": "CNM", "ADM0_DIF": 0, "LEVEL": 2, "TYPE": "Indeterminate", "TLC": null, "ADMIN": "Cyprus No Mans Area", "ADM0_A3": "CNM", "GEOU_DIF": 0, "GEOUNIT": "Cyprus No Mans Area", "GU_A3": "CNM", "SU_DIF": 0, "SUBUNIT": "Cyprus No Mans Area", "SU_A3": "CNM", "BRK_DIFF": 1, "NAME": "Cyprus U.N. Buffer Zone", "NAME_LONG": "Cyprus U.N. Buffer Zone", "BRK_A3": "B43", "BRK_NAME": "Cyprus U.N. Buffer Zone", "BRK_GROUP": null, "ABBREV": null, "POSTAL": null, "FORMAL_EN": "Cyprus No Mans Land", "FORMAL_FR": null, "NAME_CIAWF": null, "NOTE_ADM0": null, "NOTE_BRK": null, "NAME_SORT": "Cyprus No Mans Area", "NAME_ALT": null, "MAPCOLOR7": 4, "MAPCOLOR8": 1, "MAPCOLOR9": 1, "MAPCOLOR13": -99, "POP_EST": 10000, "POP_RANK": 6, "POP_YEAR": 2019, "GDP_MD": 280.0, "GDP_YEAR": 2013, "ECONOMY": "6. Developing region", "INCOME_GRP": "2. High income: nonOECD", "FIPS_10": "-99", "ISO_A2": "-99", "ISO_A2_EH": "-99", "ISO_A3": "-99", "ISO_A3_EH": "-99", "ISO_N3": "-99", "ISO_N3_EH": "-99", "UN_A3": "-099", "WB_A2": "-99", "WB_A3": "-99", "WOE_ID": -99, "WOE_ID_EH": -99, "WOE_NOTE": "No WOE equivalent.", "ADM0_ISO": "CYP", "ADM0_DIFF": null, "ADM0_TLC": "CYP", "ADM0_A3_US": "CYP", "ADM0_A3_FR": "CYP", "ADM0_A3_RU": "CYP", "ADM0_A3_ES": "CYP", "ADM0_A3_CN": "CYP", "ADM0_A3_TW": "CYP", "ADM0_A3_IN": "CYP", "ADM0_A3_NP": "CYP", "ADM0_A3_PK": "CYP", "ADM0_A3_DE": "CYP", "ADM0_A3_GB": "CYP", "ADM0_A3_BR": "CYP", "ADM0_A3_IL": "CYP", "ADM0_A3_PS": "CYP", "ADM0_A3_SA": "CYP", "ADM0_A3_EG": "CYP", "ADM0_A3_MA": "CYP", "ADM0_A3_PT": "CYP", "ADM0_A3_AR": "CYP", "ADM0_A3_JP": "CYP", "ADM0_A3_KO": "CYP", "ADM0_A3_VN": "CYP", "ADM0_A3_TR": "CYP", "ADM0_A3_ID": "CYP", "ADM0_A3_PL": "CYP", "ADM0_A3_GR": "CYP", "ADM0_A3_IT": "CYP", "ADM0_A3_NL": "CYP", "ADM0_A3_SE": "CYP", "ADM0_A3_BD": "CYP", "ADM0_A3_UA": "CYP", "ADM0_A3_UN": -99, "ADM0_A3_WB": -99, "CONTINENT": "Asia", "REGION_UN": "Asia", "SUBREGION": "Western Asia", "REGION_WB": "Europe & Central Asia", "NAME_LEN": 23, "LONG_LEN": 23, "ABBREV_LEN": 0, "TINY": -99, "HOMEPART": 1, "MIN_ZOOM": 7.0, "MIN_LABEL": 7.7, "MAX_LABEL": 11.0, "LABEL_X": 33.288134, "LABEL_Y": 35.140713, "NE_ID": 1159320511, "WIKIDATAID": "Q116970", "NAME_AR": "مقاطعة الأمم المتحدة العازلة في قبرص", "NAME_BN": "সাইপ্রাস জাতিসংঘ বাফার জোন", "NAME_DE": "UN-Pufferzone in Zypern", "NAME_EN": "United Nations Buffer Zone in Cyprus", "NAME_ES": "Línea Verde", "NAME_FA": "خط آتیلا", "NAME_FR": "Zone tampon des Nations unies à Chypre", "NAME_EL": "Πράσινη Γραμμή", "NAME_HE": "הקו הירוק", "NAME_HI": "संयुक्त राष्ट्र बफर क्षेत्र", "NAME_HU": "Zöld vonal", "NAME_ID": "United Nations Buffer Zone di Cyprus", "NAME_IT": "Linea Verde", "NAME_JA": "グリーンライン", "NAME_KO": "유엔 키프로스 완충 지대", "NAME_NL": "VN-Bufferzone", "NAME_PL": "Zielona linia", "NAME_PT": "Linha Verde", "NAME_RU": "Зелёная линия", "NAME_SV": "FN:s buffertzon på Cypern", "NAME_TR": "Yeşil Hat", "NAME_UK": "Буферна зона ООН на Кіпрі", "NAME_UR": "قبرص، بفر زون اقوام متحدہ", "NAME_VI": "Vùng đệm Liên Hiệp Quốc ở Cộng hòa Síp", "NAME_ZH": "塞浦路斯联合国缓冲区", "NAME_ZHT": "賽普勒斯聯合國緩衝區", "FCLASS_ISO": "Unrecognized", "TLC_DIFF": null, "FCLASS_TLC": "Unrecognized", "FCLASS_US": null, "FCLASS_FR": "Unrecognized", "FCLASS_RU": "Unrecognized", "FCLASS_ES": "Unrecognized", "FCLASS_CN": "Unrecognized", "FCLASS_TW": "Unrecognized", "FCLASS_IN": "Unrecognized", "FCLASS_NP": "Unrecognized", "FCLASS_PK": "Unrecognized", "FCLASS_DE": "Unrecognized", "FCLASS_GB": "Unrecognized", "FCLASS_BR": "Unrecognized", "FCLASS_IL": "Unrecognized", "FCLASS_PS": "Unrecognized", "FCLASS_SA": "Unrecognized", "FCLASS_EG": "Unrecognized", "FCLASS_MA": "Unrecognized", "FCLASS_PT": "Unrecognized", "FCLASS_AR": "Unrecognized", "FCLASS_JP": "Unrecognized", "FCLASS_KO": "Unrecognized", "FCLASS_VN": "Unrecognized", "FCLASS_TR": "Unrecognized", "FCLASS_ID": "Unrecognized", "FCLASS_PL": "Unrecognized", "FCLASS_GR": "Unrecognized", "FCLASS_IT": "Unrecognized", "FCLASS_NL": "Unrecognized", "FCLASS_SE": "Unrecognized", "FCLASS_BD": "Unrecognized", "FCLASS_UA": "Unrecognized" }, "geometry": { "type": "MultiPolygon", "coordinates": [ [ [ [ 33.906505327911546, 35.069104910749289 ], [ 33.906591431000038, 35.069049174000085 ], [ 33.912895955000124, 35.065922750000126 ], [ 33.925401652000119, 35.062770487000066 ], [ 33.941111287000069, 35.059721578000037 ], [ 33.962918742000113, 35.068299867000079 ], [ 34.008910767000089, 35.059721578000037 ], [ 34.012288940472615, 35.063795258569357 ], [ 34.021960730000103, 35.057008721000031 ], [ 34.017489054000066, 35.051866761000028 ], [ 34.011908000000119, 35.04881785 ], [ 34.001986124000041, 35.04721588200006 ], [ 33.989480428000036, 35.051866761000028 ], [ 33.980075317000058, 35.057396139 ], [ 33.962091919000102, 35.057396139 ], [ 33.944935343000054, 35.051091613 ], [ 33.930776001000083, 35.051091613 ], [ 33.921474244000137, 35.053417053000132 ], [ 33.910518839000076, 35.057396139 ], [ 33.898116496000114, 35.061271872000063 ], [ 33.906505327911546, 35.069104910749289 ] ] ], [ [ [ 33.679434599000103, 35.033898764000057 ], [ 33.685002890000078, 35.029284160000074 ], [ 33.702211141000078, 35.022256165000059 ], [ 33.705311727000037, 35.015228170000043 ], [ 33.696630086000084, 35.008975322000069 ], [ 33.699730672000101, 35.002722473000048 ], [ 33.715440308000098, 34.997296448000085 ], [ 33.711461222000082, 34.985565899000093 ], [ 33.702934611000103, 34.987943014000038 ], [ 33.700557494000122, 34.988666484000035 ], [ 33.685002890000078, 34.997296448000085 ], [ 33.674099162000061, 34.998795064 ], [ 33.661593465000067, 35.000345357000114 ], [ 33.639786011000126, 35.009750468000064 ], [ 33.630329224000036, 35.013626201000122 ], [ 33.619528850000108, 35.016830140000096 ], [ 33.611674032000053, 35.013626201000122 ], [ 33.602992391000043, 35.012075908 ], [ 33.591520224000078, 35.018380432000114 ], [ 33.580564819000131, 35.019930725000037 ], [ 33.571883179000054, 35.014401347000032 ], [ 33.564131714000041, 35.00117218000004 ], [ 33.546044962000053, 34.994971009000054 ], [ 33.533642619000091, 34.999570211 ], [ 33.527441447000115, 35.012851054000109 ], [ 33.527441447000115, 35.037035624000069 ], [ 33.519586630000049, 35.044115295 ], [ 33.510284871000124, 35.037035624000069 ], [ 33.502810574000137, 35.030870057000115 ], [ 33.497004028000049, 35.0260802210001 ], [ 33.493128296000066, 34.997296448000085 ], [ 33.486203654000064, 34.981638489000019 ], [ 33.469770548000042, 34.977762757000065 ], [ 33.458815145000131, 34.977762757000065 ], [ 33.449410034000095, 34.987943014000038 ], [ 33.446309448000136, 35.00117218000004 ], [ 33.452510620000055, 35.019103903000101 ], [ 33.458815145000131, 35.041686503000037 ], [ 33.458815145000131, 35.061271872000063 ], [ 33.460365437000064, 35.07760162400011 ], [ 33.458815145000131, 35.09480987600007 ], [ 33.457264852000037, 35.101062724000073 ], [ 33.443208863000109, 35.113568421000068 ], [ 33.43235681200008, 35.123645325000027 ], [ 33.424501994000138, 35.129898174000019 ], [ 33.421401408000065, 35.144729309000056 ], [ 33.421401408000065, 35.15723500600005 ], [ 33.415923706000115, 35.160335592000067 ], [ 33.398663778000127, 35.158010153000063 ], [ 33.373032267000042, 35.155684713000099 ], [ 33.356599161000076, 35.15723500600005 ], [ 33.348020875000145, 35.154909566000114 ], [ 33.327712036000037, 35.136926168000016 ], [ 33.315258016000143, 35.129123027 ], [ 33.313656046000119, 35.12131988600008 ], [ 33.309056844000054, 35.115893860000099 ], [ 33.301202027000045, 35.113568421000068 ], [ 33.278567749000047, 35.118219300000035 ], [ 33.262134643000081, 35.126074118000062 ], [ 33.25210941600011, 35.136926168000016 ], [ 33.238673544000051, 35.149431864000022 ], [ 33.228544962000058, 35.153359274000096 ], [ 33.216142619000038, 35.154082743000075 ], [ 33.202810099000089, 35.158010153000063 ], [ 33.189477580000073, 35.162661032000116 ], [ 33.173871297000119, 35.162661032000116 ], [ 33.149686727000073, 35.148656718000026 ], [ 33.143485555000098, 35.140078430000088 ], [ 33.137129354000137, 35.136099345 ], [ 33.123073364000049, 35.130673320000128 ], [ 33.098217, 35.130673320000128 ], [ 33.071655314000054, 35.135324199000095 ], [ 33.046747274000097, 35.137752991000056 ], [ 33.037342163000119, 35.136099345 ], [ 33.026386759000047, 35.127624411000099 ], [ 33.003132365000056, 35.115893860000099 ], [ 32.985148966000054, 35.108814189000086 ], [ 32.967113892000043, 35.09480987600007 ], [ 32.948407024000062, 35.079151917000033 ], [ 32.935229533000097, 35.072278951000058 ], [ 32.921948689000089, 35.072278951000058 ], [ 32.906394084000055, 35.080702210000041 ], [ 32.90019291200008, 35.087781881000055 ], [ 32.890787801000101, 35.091657613000038 ], [ 32.882932983000103, 35.087781881000055 ], [ 32.87673181100007, 35.076826477000097 ], [ 32.873476196000126, 35.072278951000058 ], [ 32.861022177000109, 35.065095927000087 ], [ 32.834563842000136, 35.058946432000127 ], [ 32.825985555000102, 35.058946432000127 ], [ 32.815856974000042, 35.062770487000066 ], [ 32.810275920000038, 35.07072865800005 ], [ 32.810275920000038, 35.079927064000046 ], [ 32.806503540000108, 35.09480987600007 ], [ 32.795599813000138, 35.102613017000081 ], [ 32.775239298000088, 35.110467834000033 ], [ 32.754878785000074, 35.119769592000054 ], [ 32.728317098000048, 35.12679758700007 ], [ 32.71271081600014, 35.133773906000059 ], [ 32.70413252700007, 35.143902486000016 ], [ 32.698034708000137, 35.15723500600005 ], [ 32.691548895582855, 35.183705160320315 ], [ 32.711388415000044, 35.181631709000058 ], [ 32.710592081000073, 35.175321758000067 ], [ 32.71271081600014, 35.163436178000026 ], [ 32.720565633000035, 35.153359274000096 ], [ 32.73152103700005, 35.143179016000104 ], [ 32.743975057000114, 35.137752991000056 ], [ 32.759633016000066, 35.133773906000059 ], [ 32.794772990000126, 35.12679758700007 ], [ 32.814306682000051, 35.116617330000011 ], [ 32.829912963000083, 35.100235901000062 ], [ 32.839214721000076, 35.079927064000046 ], [ 32.854924358000062, 35.079151917000033 ], [ 32.861022177000109, 35.087781881000055 ], [ 32.870427286000051, 35.097962138000028 ], [ 32.87673181100007, 35.100235901000062 ], [ 32.888410685000053, 35.102613017000081 ], [ 32.911768433000134, 35.100235901000062 ], [ 32.922723836000102, 35.098737284000052 ], [ 32.934351034000144, 35.100235901000062 ], [ 32.94690840700008, 35.102613017000081 ], [ 32.9695426830001, 35.112793274000055 ], [ 32.989076376000128, 35.131448466000037 ], [ 33.013984416000085, 35.141628723000096 ], [ 33.031140991000143, 35.149431864000022 ], [ 33.056100708000145, 35.155684713000099 ], [ 33.078683309000041, 35.165089824000077 ], [ 33.095839884000043, 35.169740703000045 ], [ 33.10912072800005, 35.158785299000058 ], [ 33.120127807000131, 35.160335592000067 ], [ 33.14193526300005, 35.1806444300001 ], [ 33.157489868000084, 35.18529530800005 ], [ 33.190252726000097, 35.189946187000132 ], [ 33.223997436000047, 35.17914581300009 ], [ 33.240223836000041, 35.171290996000053 ], [ 33.270816284000091, 35.168965556000032 ], [ 33.299600057000077, 35.162661032000116 ], [ 33.315258016000143, 35.161885885000103 ], [ 33.326213419000112, 35.166640117 ], [ 33.344816935000097, 35.166640117 ], [ 33.374530884000137, 35.174339906000071 ], [ 33.380783732000054, 35.178267314000053 ], [ 33.388535197000067, 35.188395895 ], [ 33.400317423000047, 35.197749329000047 ], [ 33.413546590000067, 35.19940297400008 ], [ 33.421401408000065, 35.193873596000103 ], [ 33.424501994000138, 35.182194723000023 ], [ 33.427705933000084, 35.168138733000021 ], [ 33.44000492400005, 35.148656718000026 ], [ 33.450960326000086, 35.13222361300005 ], [ 33.469770548000042, 35.104163310000033 ], [ 33.476798543000143, 35.09480987600007 ], [ 33.476798543000143, 35.076826477000097 ], [ 33.476798543000143, 35.057396139 ], [ 33.471320842000068, 35.038534241 ], [ 33.465843140000061, 35.014401347000032 ], [ 33.466566610000143, 35.005099589000011 ], [ 33.476798543000143, 35.002722473000048 ], [ 33.476798543000143, 35.008975322000069 ], [ 33.478348837000055, 35.019103903000101 ], [ 33.481449422000082, 35.031609599000021 ], [ 33.486203654000064, 35.038534241 ], [ 33.493851767000081, 35.056620993000095 ], [ 33.500156290000064, 35.061271872000063 ], [ 33.507184285000108, 35.061271872000063 ], [ 33.516434366000112, 35.059721578000037 ], [ 33.528991740000038, 35.055794169000066 ], [ 33.53519291200007, 35.056620993000095 ], [ 33.536794882000038, 35.066749573000052 ], [ 33.540670614000078, 35.073054098000071 ], [ 33.546871785000064, 35.073054098000071 ], [ 33.555450073000088, 35.066749573000052 ], [ 33.561754597000117, 35.058171285000029 ], [ 33.566405476000057, 35.043340149000088 ], [ 33.578962850000096, 35.03548533200005 ], [ 33.591520224000078, 35.033935039000042 ], [ 33.602268921000132, 35.041686503000037 ], [ 33.614051147000112, 35.046440734000029 ], [ 33.637512248000121, 35.030834453000082 ], [ 33.652188354000089, 35.030834453000082 ], [ 33.656115763000059, 35.032384745000016 ], [ 33.670998576000102, 35.030834453000082 ], [ 33.679434599000103, 35.033898764000057 ] ] ], [ [ [ 32.640694328000052, 35.187076833000035 ], [ 32.650401238000086, 35.188055731000077 ], [ 32.659812714000054, 35.187082130000121 ], [ 32.653489624000144, 35.174339906000071 ], [ 32.646461629000044, 35.16111073800009 ], [ 32.633955932000049, 35.154082743000075 ], [ 32.622225382000124, 35.151808980000069 ], [ 32.607497599000055, 35.154082743000075 ], [ 32.592614787000116, 35.16111073800009 ], [ 32.584808790000068, 35.17251211100006 ], [ 32.601898634000065, 35.178615627000056 ], [ 32.60274336700013, 35.174339906000071 ], [ 32.615197388000126, 35.163436178000026 ], [ 32.62620446800014, 35.165089824000077 ], [ 32.63478275600005, 35.17284128900009 ], [ 32.639433634000113, 35.183745017000049 ], [ 32.640694328000052, 35.187076833000035 ] ] ] ] } },
{ "type": "Feature", "properties": { "featurecla": "Admin-0 lease", "scalerank": 0, "LABELRANK": 5, "SOVEREIGNT": "Kazakhstan", "SOV_A3": "KA1", "ADM0_DIF": 1, "LEVEL": 2, "TYPE": "Lease", "TLC": "1", "ADMIN": "Baykonur Cosmodrome", "ADM0_A3": "KAB", "GEOU_DIF": 0, "GEOUNIT": "Baykonur Cosmodrome", "GU_A3": "KAB", "SU_DIF": 0, "SUBUNIT": "Baykonur Cosmodrome", "SU_A3": "KAB", "BRK_DIFF": 1, "NAME": "Baikonur", "NAME_LONG": "Baikonur Cosmodrome", "BRK_A3": "B40", "BRK_NAME": "Baykonur", "BRK_GROUP": null, "ABBREV": "Bayk.", "POSTAL": "BK", "FORMAL_EN": null, "FORMAL_FR": null, "NAME_CIAWF": null, "NOTE_ADM0": "Russia", "NOTE_BRK": "Leased to Russia by Kazakhstan", "NAME_SORT": "Baikonur Cosmodrome", "NAME_ALT": "Baykonur Cosmodrome", "MAPCOLOR7": 6, "MAPCOLOR8": 1, "MAPCOLOR9": 6, "MAPCOLOR13": 1, "POP_EST": 36175, "POP_RANK": 7, "POP_YEAR": 2009, "GDP_MD": 596.0, "GDP_YEAR": 2013, "ECONOMY": "2. Developed region: nonG7", "INCOME_GRP": "3. Upper middle income", "FIPS_10": "-99", "ISO_A2": "-99", "ISO_A2_EH": "KZ", "ISO_A3": "-99", "ISO_A3_EH": "KAZ", "ISO_N3": "-99", "ISO_N3_EH": "398", "UN_A3": "-099", "WB_A2": "-99", "WB_A3": "-99", "WOE_ID": -90, "WOE_ID_EH": 20070177, "WOE_NOTE": "A subunit of Kazakhstan in WOE.", "ADM0_ISO": "KAZ", "ADM0_DIFF": "1", "ADM0_TLC": "B40", "ADM0_A3_US": "KAZ", "ADM0_A3_FR": "KAZ", "ADM0_A3_RU": "KAZ", "ADM0_A3_ES": "KAZ", "ADM0_A3_CN": "KAZ", "ADM0_A3_TW": "KAZ", "ADM0_A3_IN": "KAZ", "ADM0_A3_NP": "KAZ", "ADM0_A3_PK": "KAZ", "ADM0_A3_DE": "KAZ", "ADM0_A3_GB": "KAZ", "ADM0_A3_BR": "KAZ", "ADM0_A3_IL": "KAZ", "ADM0_A3_PS": "KAZ", "ADM0_A3_SA": "KAZ", "ADM0_A3_EG": "KAZ", "ADM0_A3_MA": "KAZ", "ADM0_A3_PT": "KAZ", "ADM0_A3_AR": "KAZ", "ADM0_A3_JP": "KAZ", "ADM0_A3_KO": "KAZ", "ADM0_A3_VN": "KAZ", "ADM0_A3_TR": "KAZ", "ADM0_A3_ID": "KAZ", "ADM0_A3_PL": "KAZ", "ADM0_A3_GR": "KAZ", "ADM0_A3_IT": "KAZ", "ADM0_A3_NL": "KAZ", "ADM0_A3_SE": "KAZ", "ADM0_A3_BD": "KAZ", "ADM0_A3_UA": "KAZ", "ADM0_A3_UN": -99, "ADM0_A3_WB": -99, "CONTINENT": "Asia", "REGION_UN": "Asia", "SUBREGION": "Central Asia", "REGION_WB": "Europe & Central Asia", "NAME_LEN": 8, "LONG_LEN": 19, "ABBREV_LEN": 5, "TINY": -99, "HOMEPART": -99, "MIN_ZOOM": 5.0, "MIN_LABEL": 6.0, "MAX_LABEL": 9.5, "LABEL_X": 63.383897, "LABEL_Y": 45.978332, "NE_ID": 1159320965, "WIKIDATAID": "Q165413", "NAME_AR": "بايكونور", "NAME_BN": "বাইকুনোর", "NAME_DE": "Baikonur", "NAME_EN": "Baikonur", "NAME_ES": "Baikonur", "NAME_FA": "بایقونور، قزاقستان", "NAME_FR": "Baïkonour", "NAME_EL": "Μπαϊκονούρ", "NAME_HE": "בייקונור", "NAME_HI": "बायकोनूर", "NAME_HU": "Bajkonur", "NAME_ID": "Baykonur", "NAME_IT": "Bayqoñyr", "NAME_JA": "バイコヌール", "NAME_KO": "바이코누르", "NAME_NL": "Bajkonoer", "NAME_PL": "Bajkonur", "NAME_PT": "Baikonur", "NAME_RU": "Байконур", "NAME_SV": "Bajkonur", "NAME_TR": "Baykonur", "NAME_UK": "Байконир", "NAME_UR": "بایکونور", "NAME_VI": "Baikonur", "NAME_ZH": "拜科努尔", "NAME_ZHT": "拜科努爾", "FCLASS_ISO": "Unrecognized", "TLC_DIFF": "1", "FCLASS_TLC": "Admin-0 lease", "FCLASS_US": "Admin-0 lease", "FCLASS_FR": "Unrecognized", "FCLASS_RU": "Unrecognized", "FCLASS_ES": "Unrecognized", "FCLASS_CN": "Unrecognized", "FCLASS_TW": "Unrecognized", "FCLASS_IN": "Unrecognized", "FCLASS_NP": "Unrecognized", "FCLASS_PK": "Unrecognized", "FCLASS_DE": "Unrecognized", "FCLASS_GB": "Unrecognized", "FCLASS_BR": "Unrecognized", "FCLASS_IL": "Unrecognized", "FCLASS_PS": "Unrecognized", "FCLASS_SA": "Unrecognized", "FCLASS_EG": "Unrecognized", "FCLASS_MA": "Unrecognized", "FCLASS_PT": "Unrecognized", "FCLASS_AR": "Unrecognized", "FCLASS_JP": "Unrecognized", "FCLASS_KO": "Unrecognized", "FCLASS_VN": "Unrecognized", "FCLASS_TR": "Unrecognized", "FCLASS_ID": "Unrecognized", "FCLASS_PL": "Unrecognized", "FCLASS_GR": "Unrecognized", "FCLASS_IT": "Unrecognized", "FCLASS_NL": "Unrecognized", "FCLASS_SE": "Unrecognized", "FCLASS_BD": "Unrecognized", "FCLASS_UA": "Unrecognized" }, "geometry": { "type": "MultiPolygon", "coordinates": [ [ [ [ 63.383913615000097, 45.565824483000128 ], [ 63.32427901200009, 45.567969055 ], [ 63.266349732000037, 45.574221904000112 ], [ 63.210487508000085, 45.584376323000058 ], [ 63.156899048000128, 45.598251445000031 ], [ 63.105946086000074, 45.615614726000061 ], [ 63.057835327000078, 45.636285299000079 ], [ 63.012928507000083, 45.660004781000012 ], [ 62.971484009000051, 45.686643983000053 ], [ 62.933863566000127, 45.715944519000018 ], [ 62.900273885000104, 45.747699687000036 ], [ 62.871025025000051, 45.781702780000089 ], [ 62.846478719000061, 45.817772930000089 ], [ 62.826893351000137, 45.855703430000077 ], [ 62.812527303000138, 45.895184225000023 ], [ 62.803638957000032, 45.936163635000057 ], [ 62.800641723000126, 45.978331604000104 ], [ 62.803638957000032, 46.020499573000066 ], [ 62.812527303000138, 46.061427307000073 ], [ 62.826893351000137, 46.100985616000045 ], [ 62.846478719000061, 46.138890280000041 ], [ 62.871025025000051, 46.174960429000024 ], [ 62.900273885000104, 46.208963522000076 ], [ 62.933863566000127, 46.240718689000104 ], [ 62.971484009000051, 46.270019227000049 ], [ 63.012928507000083, 46.296658427000082 ], [ 63.057835327000078, 46.320377909000044 ], [ 63.105946086000074, 46.341048483000051 ], [ 63.156899048000128, 46.358411764000081 ], [ 63.210487508000085, 46.372261047000038 ], [ 63.266349732000037, 46.382441305 ], [ 63.32427901200009, 46.388694153000088 ], [ 63.383913615000097, 46.390838725 ], [ 63.443548218000103, 46.388694153000088 ], [ 63.501477499000032, 46.382441305 ], [ 63.55739139800005, 46.372261047000038 ], [ 63.610928182000066, 46.358411764000081 ], [ 63.661881145000109, 46.341048483000051 ], [ 63.709940226000072, 46.320377909000044 ], [ 63.75489872300011, 46.296658427000082 ], [ 63.796343221000143, 46.270019227000049 ], [ 63.833963664000066, 46.240718689000104 ], [ 63.867553345000033, 46.208963522000076 ], [ 63.896698852000043, 46.174960429000024 ], [ 63.921296835000078, 46.138890280000041 ], [ 63.940933879000056, 46.100985616000045 ], [ 63.955299927000056, 46.061427307000073 ], [ 63.964084920000118, 46.020499573000066 ], [ 63.96713383000008, 45.978331604000104 ], [ 63.964084920000118, 45.936163635000057 ], [ 63.955299927000056, 45.895184225000023 ], [ 63.940933879000056, 45.855703430000077 ], [ 63.921296835000078, 45.817772930000089 ], [ 63.896698852000043, 45.781702780000089 ], [ 63.867553345000033, 45.747699687000036 ], [ 63.833963664000066, 45.715944519000018 ], [ 63.796343221000143, 45.686643983000053 ], [ 63.75489872300011, 45.660004781000012 ], [ 63.709940226000072, 45.636285299000079 ], [ 63.661881145000109, 45.615614726000061 ], [ 63.610928182000066, 45.598251445000031 ], [ 63.55739139800005, 45.584376323000058 ], [ 63.501477498000042, 45.574221904000112 ], [ 63.443548218000103, 45.567969055 ], [ 63.383913615000097, 45.565824483000128 ] ] ] ] } },
{ "type": "Feature", "properties": { "featurecla": "Admin-0 indeterminant", "scalerank": 0, "LABELRANK": 8, "SOVEREIGNT": "Bir Tawil", "SOV_A3": "BRT", "ADM0_DIF": 0, "LEVEL": 2, "TYPE": "Indeterminate", "TLC": null, "ADMIN": "Bir Tawil", "ADM0_A3": "BRT", "GEOU_DIF": 0, "GEOUNIT": "Bir Tawil", "GU_A3": "BRT", "SU_DIF": 0, "SUBUNIT": "Bir Tawil", "SU_A3": "BRT", "BRK_DIFF": 1, "NAME": "Bir Tawil", "NAME_LONG": "Bir Tawil", "BRK_A3": "B94", "BRK_NAME": "Bir Tawil", "BRK_GROUP": null, "ABBREV": "B. Tawil", "POSTAL": null, "FORMAL_EN": null, "FORMAL_FR": null, "NAME_CIAWF": null, "NOTE_ADM0": null, "NOTE_BRK": "Between Egypt and Sudan", "NAME_SORT": "Bir Tawil", "NAME_ALT": null, "MAPCOLOR7": 1, "MAPCOLOR8": 1, "MAPCOLOR9": 2, "MAPCOLOR13": 5, "POP_EST": 0, "POP_RANK": 1, "POP_YEAR": 2019, "GDP_MD": 0.0, "GDP_YEAR": 2019, "ECONOMY": "7. Least developed region", "INCOME_GRP": "5. Low income", "FIPS_10": "-99", "ISO_A2": "-99", "ISO_A2_EH": "-99", "ISO_A3": "-99", "ISO_A3_EH": "-99", "ISO_N3": "-99", "ISO_N3_EH": "-99", "UN_A3": "-099", "WB_A2": "-99", "WB_A3": "-99", "WOE_ID": -99, "WOE_ID_EH": -99, "WOE_NOTE": "No WOE equivalent.", "ADM0_ISO": "-99", "ADM0_DIFF": null, "ADM0_TLC": "-99", "ADM0_A3_US": "BRT", "ADM0_A3_FR": "BRT", "ADM0_A3_RU": "BRT", "ADM0_A3_ES": "BRT", "ADM0_A3_CN": "BRT", "ADM0_A3_TW": "BRT", "ADM0_A3_IN": "BRT", "ADM0_A3_NP": "BRT", "ADM0_A3_PK": "BRT", "ADM0_A3_DE": "BRT", "ADM0_A3_GB": "BRT", "ADM0_A3_BR": "BRT", "ADM0_A3_IL": "BRT", "ADM0_A3_PS": "BRT", "ADM0_A3_SA": "BRT", "ADM0_A3_EG": "BRT", "ADM0_A3_MA": "BRT", "ADM0_A3_PT": "BRT", "ADM0_A3_AR": "BRT", "ADM0_A3_JP": "BRT", "ADM0_A3_KO": "BRT", "ADM0_A3_VN": "BRT", "ADM0_A3_TR": "BRT", "ADM0_A3_ID": "BRT", "ADM0_A3_PL": "BRT", "ADM0_A3_GR": "BRT", "ADM0_A3_IT": "BRT", "ADM0_A3_NL": "BRT", "ADM0_A3_SE": "BRT", "ADM0_A3_BD": "BRT", "ADM0_A3_UA": "BRT", "ADM0_A3_UN": -99, "ADM0_A3_WB": -99, "CONTINENT": "Africa", "REGION_UN": "Africa", "SUBREGION": "Northern Africa", "REGION_WB": "Middle East & North Africa", "NAME_LEN": 9, "LONG_LEN": 9, "ABBREV_LEN": 8, "TINY": -99, "HOMEPART": -99, "MIN_ZOOM": 7.0, "MIN_LABEL": 7.0, "MAX_LABEL": 9.0, "LABEL_X": 33.673428, "LABEL_Y": 21.860442, "NE_ID": 1729635091, "WIKIDATAID": "Q620634", "NAME_AR": "بئر طويل", "NAME_BN": "বির তাউইল", "NAME_DE": "Bir Tawil", "NAME_EN": "Bir Tawil", "NAME_ES": "Bir Tawil", "NAME_FA": "بئر طویل", "NAME_FR": "Bir Tawil", "NAME_EL": "Μπιρ Ταουίλ", "NAME_HE": "ביר טוויל", "NAME_HI": "बीर ताविल", "NAME_HU": "Bir Tawil", "NAME_ID": "Bir Tawil", "NAME_IT": "Bir Tawil", "NAME_JA": "ビル・タウィール", "NAME_KO": "비르 타윌", "NAME_NL": "Bir Tawil", "NAME_PL": "Bir Tawil", "NAME_PT": "Bir Tawil", "NAME_RU": "Бир-Тавиль", "NAME_SV": "Bir Tawil", "NAME_TR": "Bir Tawil", "NAME_UK": "Бір-Тавіль", "NAME_UR": "بر ٹاویل", "NAME_VI": "Bir Tawil", "NAME_ZH": "比尔泰维勒", "NAME_ZHT": "比爾塔威爾", "FCLASS_ISO": "Unrecognized", "TLC_DIFF": null, "FCLASS_TLC": "Unrecognized", "FCLASS_US": null, "FCLASS_FR": null, "FCLASS_RU": null, "FCLASS_ES": null, "FCLASS_CN": null, "FCLASS_TW": null, "FCLASS_IN": null, "FCLASS_NP": null, "FCLASS_PK": null, "FCLASS_DE": null, "FCLASS_GB": null, "FCLASS_BR": null, "FCLASS_IL": null, "FCLASS_PS": null, "FCLASS_SA": null, "FCLASS_EG": null, "FCLASS_MA": null, "FCLASS_PT": null, "FCLASS_AR": null, "FCLASS_JP": null, "FCLASS_KO": null, "FCLASS_VN": null, "FCLASS_TR": null, "FCLASS_ID": null, "FCLASS_PL": null, "FCLASS_GR": null, "FCLASS_IT": null, "FCLASS_NL": null, "FCLASS_SE": null, "FCLASS_BD": null, "FCLASS_UA": null }, "geometry": { "type": "MultiPolygon", "coordinates": [ [ [ [ 33.181135614000084, 21.995409469000037 ], [ 33.392359253000109, 21.995454407000082 ], [ 33.625058228000114, 21.995454407000082 ], [ 33.857705526000132, 21.995454407000082 ], [ 34.076127286598002, 21.995454407000082 ], [ 34.084179369000083, 21.995454407000068 ], [ 33.999117570000067, 21.767352709000079 ], [ 33.866456470948165, 21.749723959413306 ], [ 33.717263710599951, 21.730946647753747 ], [ 33.558441969291756, 21.71095743830486 ], [ 33.43957709632496, 21.800569908435641 ], [ 33.303681019419614, 21.903022237947429 ], [ 33.181135614000084, 21.995409469000037 ] ] ] ] } },
{ "type": "Feature", "properties": { "featurecla": "Admin-0 claim area", "scalerank": 6, "LABELRANK": 6, "SOVEREIGNT": "United Kingdom", "SOV_A3": "GB1", "ADM0_DIF": 1, "LEVEL": 4, "TYPE": "Geo subunit", "TLC": "1", "ADMIN": "South Georgia and the Islands", "ADM0_A3": "SGS", "GEOU_DIF": 0, "GEOUNIT": "South Georgia and the Islands", "GU_A3": "SGS", "SU_DIF": 1, "SUBUNIT": "South Sandwich Islands", "SU_A3": "SGX", "BRK_DIFF": 1, "NAME": "S. Sandwich Is.", "NAME_LONG": "South Sandwich Islands", "BRK_A3": "B33", "BRK_NAME": "S. Sandwich Is.", "BRK_GROUP": "South Georgia and the Islands", "ABBREV": "S. Swich.", "POSTAL": "SS", "FORMAL_EN": null, "FORMAL_FR": null, "NAME_CIAWF": null, "NOTE_ADM0": "U.K.", "NOTE_BRK": "Admin. by U.K.; Claimed by Argentina", "NAME_SORT": "South Sandwich Islands", "NAME_ALT": null, "MAPCOLOR7": 6, "MAPCOLOR8": 6, "MAPCOLOR9": 6, "MAPCOLOR13": 3, "POP_EST": 15, "POP_RANK": 1, "POP_YEAR": 2019, "GDP_MD": 0.0, "GDP_YEAR": 2016, "ECONOMY": "7. Least developed region", "INCOME_GRP": "5. Low income", "FIPS_10": "-99", "ISO_A2": "-99", "ISO_A2_EH": "GB", "ISO_A3": "-99", "ISO_A3_EH": "GBR", "ISO_N3": "-99", "ISO_N3_EH": "826", "UN_A3": "-099", "WB_A2": "-99", "WB_A3": "-99", "WOE_ID": -99, "WOE_ID_EH": -99, "WOE_NOTE": "No WOE equivalent.", "ADM0_ISO": "SGS", "ADM0_DIFF": "1", "ADM0_TLC": "B33", "ADM0_A3_US": "SGS", "ADM0_A3_FR": "SGS", "ADM0_A3_RU": "SGS", "ADM0_A3_ES": "SGS", "ADM0_A3_CN": "SGS", "ADM0_A3_TW": "SGS", "ADM0_A3_IN": "SGS", "ADM0_A3_NP": "SGS", "ADM0_A3_PK": "SGS", "ADM0_A3_DE": "SGS", "ADM0_A3_GB": "SGS", "ADM0_A3_BR": "SGS", "ADM0_A3_IL": "SGS", "ADM0_A3_PS": "SGS", "ADM0_A3_SA": "SGS", "ADM0_A3_EG": "SGS", "ADM0_A3_MA": "SGS", "ADM0_A3_PT": "SGS", "ADM0_A3_AR": "ARG", "ADM0_A3_JP": "SGS", "ADM0_A3_KO": "SGS", "ADM0_A3_VN": "SGS", "ADM0_A3_TR": "SGS", "ADM0_A3_ID": "SGS", "ADM0_A3_PL": "SGS", "ADM0_A3_GR": "SGS", "ADM0_A3_IT": "SGS", "ADM0_A3_NL": "SGS", "ADM0_A3_SE": "SGS", "ADM0_A3_BD": "SGS", "ADM0_A3_UA": "SGS", "ADM0_A3_UN": -99, "ADM0_A3_WB": -99, "CONTINENT": "Seven seas (open ocean)", "REGION_UN": "Americas", "SUBREGION": "Seven seas (open ocean)", "REGION_WB": "Sub-Saharan Africa", "NAME_LEN": 15, "LONG_LEN": 22, "ABBREV_LEN": 9, "TINY": -99, "HOMEPART": -99, "MIN_ZOOM": 0.0, "MIN_LABEL": 5.0, "MAX_LABEL": 10.0, "LABEL_X": -26.338432, "LABEL_Y": -58.426048, "NE_ID": 1159320767, "WIKIDATAID": "Q118223", "NAME_AR": "جزر ساندويتش الجنوبية", "NAME_BN": "এস. স্যান্ডুইচ আইল্যান্ড", "NAME_DE": "Südliche Sandwichinseln", "NAME_EN": "South Sandwich Islands", "NAME_ES": "Islas Sandwich del Sur", "NAME_FA": "اس سندویچ ایز", "NAME_FR": "Îles Sandwich du Sud", "NAME_EL": "Σεντ Σάντουιτς Άιλαντς", "NAME_HE": "האי ס. סנדוויץ'", "NAME_HI": "एस. सैंडविच आइ.", "NAME_HU": "Déli-Sandwich-szigetek", "NAME_ID": "Kepulauan Sandwich Selatan", "NAME_IT": "Isole Sandwich Australi", "NAME_JA": "S.サンドイッチ島", "NAME_KO": "사우스 샌드위치 아일랜드", "NAME_NL": "Zuidelijke Sandwicheilanden", "NAME_PL": "Sandwich Południowy", "NAME_PT": "Ilhas Sandwich do Sul", "NAME_RU": "Южные Сандвичевы острова", "NAME_SV": "Sydsandwichöarna", "NAME_TR": "S. Sandwich Adaları", "NAME_UK": "Південні Сандвічеві острови", "NAME_UR": "ایس سینڈویچ اس۔", "NAME_VI": "Đảo S. Sandwich", "NAME_ZH": "南桑威奇群島", "NAME_ZHT": "南桑威奇群島", "FCLASS_ISO": "Unrecognized", "TLC_DIFF": "1", "FCLASS_TLC": "Admin-0 claim area", "FCLASS_US": null, "FCLASS_FR": null, "FCLASS_RU": null, "FCLASS_ES": null, "FCLASS_CN": null, "FCLASS_TW": null, "FCLASS_IN": null, "FCLASS_NP": null, "FCLASS_PK": null, "FCLASS_DE": null, "FCLASS_GB": null, "FCLASS_BR": null, "FCLASS_IL": null, "FCLASS_PS": null, "FCLASS_SA": null, "FCLASS_EG": null, "FCLASS_MA": null, "FCLASS_PT": null, "FCLASS_AR": "Unrecognized", "FCLASS_JP": null, "FCLASS_KO": null, "FCLASS_VN": null, "FCLASS_TR": null, "FCLASS_ID": null, "FCLASS_PL": null, "FCLASS_GR": null, "FCLASS_IT": null, "FCLASS_NL": null, "FCLASS_SE": null, "FCLASS_BD": null, "FCLASS_UA": null }, "geometry": { "type": "MultiPolygon", "coordinates": [ [ [ [ -27.252919074999909, -59.45826588299991 ], [ -27.249989386999914, -59.446709893999923 ], [ -27.243397589999915, -59.44068775799991 ], [ -27.231312628999945, -59.438246351999908 ], [ -27.136830206999946, -59.43718840899993 ], [ -27.136830206999946, -59.444024346999925 ], [ -27.146351691999939, -59.452732028999947 ], [ -27.148182745999918, -59.462985934999949 ], [ -27.152943488999938, -59.470798434999949 ], [ -27.214222785999937, -59.471856377999927 ], [ -27.23460852799991, -59.467950127999927 ], [ -27.252919074999909, -59.45826588299991 ] ] ], [ [ [ -27.328602667999917, -59.43718840899993 ], [ -27.323231574999909, -59.447360934999949 ], [ -27.321441209999932, -59.457777601999908 ], [ -27.316477016999954, -59.466566664999903 ], [ -27.301340298999946, -59.47193775799991 ], [ -27.312123175999943, -59.472751559999949 ], [ -27.322621222999942, -59.471856377999927 ], [ -27.332753058999913, -59.469170830999929 ], [ -27.342274542999917, -59.46453215899993 ], [ -27.37140865799995, -59.455824476999908 ], [ -27.399240688999953, -59.443617445999905 ], [ -27.407215949999909, -59.431735934999949 ], [ -27.377064581999946, -59.42351653399993 ], [ -27.330922003999945, -59.424574476999908 ], [ -27.329945441999939, -59.427504164999903 ], [ -27.330962693999936, -59.431817315999922 ], [ -27.328602667999917, -59.43718840899993 ] ] ], [ [ [ -26.629750128999945, -59.005954684999949 ], [ -26.595041469999956, -59.001885674999926 ], [ -26.562652147999927, -59.007907809999949 ], [ -26.499379035999937, -59.033135674999926 ], [ -26.522084113999938, -59.046644789999903 ], [ -26.54523678299995, -59.057224216999941 ], [ -26.569447394999941, -59.06414153399993 ], [ -26.595570441999939, -59.067315362999921 ], [ -26.629790818999936, -59.062758070999905 ], [ -26.653675910999937, -59.045586846999925 ], [ -26.657053188999953, -59.023695570999905 ], [ -26.629750128999945, -59.005954684999949 ] ] ], [ [ [ -26.259836391999954, -58.436700127999927 ], [ -26.255116339999915, -58.444919528999947 ], [ -26.242014126999948, -58.461195570999905 ], [ -26.239328579999949, -58.467705987999921 ], [ -26.245676235999952, -58.488539320999905 ], [ -26.246205206999946, -58.498711846999925 ], [ -26.249379035999937, -58.494724216999941 ], [ -26.252552863999938, -58.493584893999923 ], [ -26.256011522999927, -58.493096612999921 ], [ -26.30101477799991, -58.477227471999925 ], [ -26.430287238999938, -58.45240650799991 ], [ -26.457834438999953, -58.426690362999921 ], [ -26.454701300999943, -58.421482028999947 ], [ -26.447865363999938, -58.413832289999903 ], [ -26.441029425999943, -58.40398528399993 ], [ -26.437977667999917, -58.39226653399993 ], [ -26.430897589999915, -58.385023695999905 ], [ -26.414540167999917, -58.381931247999944 ], [ -26.312367316999939, -58.38209400799991 ], [ -26.276844855999911, -58.386895440999922 ], [ -26.246205206999946, -58.402520440999922 ], [ -26.259836391999954, -58.436700127999927 ] ] ], [ [ [ -26.424305792999917, -57.812758070999905 ], [ -26.452381964999915, -57.81178150799991 ], [ -26.47874915299991, -57.802666924999926 ], [ -26.499989386999914, -57.788506768999923 ], [ -26.513050910999937, -57.772556247999944 ], [ -26.477650519999941, -57.744886976999908 ], [ -26.458729620999918, -57.738457940999922 ], [ -26.437977667999917, -57.744561455999929 ], [ -26.433216925999943, -57.750909112999921 ], [ -26.424794074999909, -57.770603122999944 ], [ -26.416859503999945, -57.778741143999923 ], [ -26.403187628999945, -57.784356377999927 ], [ -26.388172980999911, -57.78639088299991 ], [ -26.356027798999946, -57.786228122999944 ], [ -26.371937628999945, -57.797051690999922 ], [ -26.388661261999914, -57.803480726999908 ], [ -26.424305792999917, -57.812758070999905 ] ] ], [ [ [ -26.732818162999934, -57.059340101999908 ], [ -26.71320553299995, -57.048435153999947 ], [ -26.690337693999936, -57.050551039999903 ], [ -26.668120897999927, -57.062432549999926 ], [ -26.650257941999939, -57.07976653399993 ], [ -26.655018683999913, -57.080010674999926 ], [ -26.657826300999943, -57.081801039999903 ], [ -26.660267706999946, -57.084242445999905 ], [ -26.663889126999948, -57.086683851999908 ], [ -26.670725063999953, -57.07976653399993 ], [ -26.683216925999943, -57.08131275799991 ], [ -26.69953365799995, -57.07586028399993 ], [ -26.732818162999934, -57.059340101999908 ] ] ], [ [ [ -27.150502081999946, -56.675713799999926 ], [ -27.134917772999927, -56.678643487999921 ], [ -27.112212693999936, -56.685967705999929 ], [ -27.094227667999917, -56.695896091999941 ], [ -27.09243730399993, -56.706475518999923 ], [ -27.107085740999935, -56.714776299999926 ], [ -27.164173956999946, -56.724216403999947 ], [ -27.196278449999909, -56.719496351999908 ], [ -27.207590298999946, -56.713148695999905 ], [ -27.211984829999949, -56.699639580999929 ], [ -27.204579230999911, -56.690199476999908 ], [ -27.187367316999939, -56.682549737999921 ], [ -27.166981574999909, -56.677504164999903 ], [ -27.150502081999946, -56.675713799999926 ] ] ], [ [ [ -27.609771287999934, -56.292168877999927 ], [ -27.593332485999952, -56.277276299999926 ], [ -27.57249915299991, -56.272556247999944 ], [ -27.549875454999949, -56.275567315999922 ], [ -27.527902798999946, -56.284763278999947 ], [ -27.527902798999946, -56.292168877999927 ], [ -27.543120897999927, -56.297133070999905 ], [ -27.556467251999948, -56.310804945999905 ], [ -27.56899980399993, -56.320570570999905 ], [ -27.582508917999917, -56.313246351999908 ], [ -27.602162238999938, -56.29656340899993 ], [ -27.609771287999934, -56.292168877999927 ] ] ], [ [ [ -28.213286912999934, -56.713962497999944 ], [ -28.193104620999918, -56.704034112999921 ], [ -28.171457485999952, -56.704847914999903 ], [ -28.168568488999938, -56.715997002999927 ], [ -28.187123175999943, -56.72625090899993 ], [ -28.210113084999932, -56.725030205999929 ], [ -28.213286912999934, -56.713962497999944 ] ] ] ] } },
{ "type": "Feature", "properties": { "featurecla": "Admin-0 claim area", "scalerank": 6, "LABELRANK": 6, "SOVEREIGNT": "United Kingdom", "SOV_A3": "GB1", "ADM0_DIF": 1, "LEVEL": 4, "TYPE": "Geo subunit", "TLC": "1", "ADMIN": "South Georgia and the Islands", "ADM0_A3": "SGS", "GEOU_DIF": 0, "GEOUNIT": "South Georgia and the Islands", "GU_A3": "SGS", "SU_DIF": 1, "SUBUNIT": "South Georgia", "SU_A3": "SGG", "BRK_DIFF": 1, "NAME": "S. Georgia", "NAME_LONG": "South Georgia", "BRK_A3": "B32", "BRK_NAME": "S. Georgia", "BRK_GROUP": "South Georgia and the Islands", "ABBREV": "S. Geo.", "POSTAL": "SG", "FORMAL_EN": null, "FORMAL_FR": null, "NAME_CIAWF": null, "NOTE_ADM0": "U.K.", "NOTE_BRK": "Admin. by U.K.; Claimed by Argentina", "NAME_SORT": "South Georgia", "NAME_ALT": null, "MAPCOLOR7": 6, "MAPCOLOR8": 6, "MAPCOLOR9": 6, "MAPCOLOR13": 3, "POP_EST": 15, "POP_RANK": 1, "POP_YEAR": 2019, "GDP_MD": 0.0, "GDP_YEAR": 2016, "ECONOMY": "7. Least developed region", "INCOME_GRP": "5. Low income", "FIPS_10": "-99", "ISO_A2": "-99", "ISO_A2_EH": "GB", "ISO_A3": "-99", "ISO_A3_EH": "GBR", "ISO_N3": "-99", "ISO_N3_EH": "826", "UN_A3": "-099", "WB_A2": "-99", "WB_A3": "-99", "WOE_ID": -99, "WOE_ID_EH": 12505597, "WOE_NOTE": "WOE physical feature", "ADM0_ISO": "SGS", "ADM0_DIFF": "1", "ADM0_TLC": "B32", "ADM0_A3_US": "SGS", "ADM0_A3_FR": "SGS", "ADM0_A3_RU": "SGS", "ADM0_A3_ES": "SGS", "ADM0_A3_CN": "SGS", "ADM0_A3_TW": "SGS", "ADM0_A3_IN": "SGS", "ADM0_A3_NP": "SGS", "ADM0_A3_PK": "SGS", "ADM0_A3_DE": "SGS", "ADM0_A3_GB": "SGS", "ADM0_A3_BR": "SGS", "ADM0_A3_IL": "SGS", "ADM0_A3_PS": "SGS", "ADM0_A3_SA": "SGS", "ADM0_A3_EG": "SGS", "ADM0_A3_MA": "SGS", "ADM0_A3_PT": "SGS", "ADM0_A3_AR": "ARG", "ADM0_A3_JP": "SGS", "ADM0_A3_KO": "SGS", "ADM0_A3_VN": "SGS", "ADM0_A3_TR": "SGS", "ADM0_A3_ID": "SGS", "ADM0_A3_PL": "SGS", "ADM0_A3_GR": "SGS", "ADM0_A3_IT": "SGS", "ADM0_A3_NL": "SGS", "ADM0_A3_SE": "SGS", "ADM0_A3_BD": "SGS", "ADM0_A3_UA": "SGS", "ADM0_A3_UN": -99, "ADM0_A3_WB": -99, "CONTINENT": "Seven seas (open ocean)", "REGION_UN": "Americas", "SUBREGION": "Seven seas (open ocean)", "REGION_WB": "Sub-Saharan Africa", "NAME_LEN": 10, "LONG_LEN": 13, "ABBREV_LEN": 7, "TINY": 3, "HOMEPART": -99, "MIN_ZOOM": 0.0, "MIN_LABEL": 5.0, "MAX_LABEL": 10.0, "LABEL_X": -36.60667, "LABEL_Y": -54.391667, "NE_ID": 1159320765, "WIKIDATAID": "Q1137202", "NAME_AR": "جزيرة جورجيا الجنوبية", "NAME_BN": "এস. জর্জিয়া", "NAME_DE": "Südgeorgien", "NAME_EN": "South Georgia", "NAME_ES": "Georgia del Sur", "NAME_FA": "جزیره جورجیای جنوبی", "NAME_FR": "île de Géorgie du Sud", "NAME_EL": "Σεντ Τζόρτζια", "NAME_HE": "ג'ורג'יה הדרומית", "NAME_HI": "एस. जॉर्जिया", "NAME_HU": "Dél-Georgia", "NAME_ID": "Pulau Georgia Selatan", "NAME_IT": "Georgia del Sud", "NAME_JA": "サウスジョージア島", "NAME_KO": "사우스조지아섬", "NAME_NL": "Zuid-Georgia", "NAME_PL": "Georgia Południowa", "NAME_PT": "Geórgia do Sul", "NAME_RU": "Южная Георгия", "NAME_SV": "Sydgeorgien", "NAME_TR": "Güney Georgia Adası", "NAME_UK": "Південна Георгія", "NAME_UR": "ایس جارجیا", "NAME_VI": "Đảo Nam Georgia", "NAME_ZH": "南喬治亞島", "NAME_ZHT": "南喬治亞島", "FCLASS_ISO": "Unrecognized", "TLC_DIFF": "1", "FCLASS_TLC": "Admin-0 claim area", "FCLASS_US": null, "FCLASS_FR": null, "FCLASS_RU": null, "FCLASS_ES": null, "FCLASS_CN": null, "FCLASS_TW": null, "FCLASS_IN": null, "FCLASS_NP": null, "FCLASS_PK": null, "FCLASS_DE": null, "FCLASS_GB": null, "FCLASS_BR": null, "FCLASS_IL": null, "FCLASS_PS": null, "FCLASS_SA": null, "FCLASS_EG": null, "FCLASS_MA": null, "FCLASS_PT": null, "FCLASS_AR": "Unrecognized", "FCLASS_JP": null, "FCLASS_KO": null, "FCLASS_VN": null, "FCLASS_TR": null, "FCLASS_ID": null, "FCLASS_PL": null, "FCLASS_GR": null, "FCLASS_IT": null, "FCLASS_NL": null, "FCLASS_SE": null, "FCLASS_BD": null, "FCLASS_UA": null }, "geometry": { "type": "MultiPolygon", "coordinates": [ [ [ [ -37.083078579999949, -54.465915622999944 ], [ -37.068267381999931, -54.464288018999923 ], [ -37.048736131999931, -54.474541924999926 ], [ -37.018177863999938, -54.496514580999929 ], [ -37.018177863999938, -54.503350518999923 ], [ -37.025502081999946, -54.502862237999921 ], [ -37.02993730399993, -54.504978122999944 ], [ -37.033680792999917, -54.508070570999905 ], [ -37.038685675999943, -54.510837497999944 ], [ -37.063059048999946, -54.513929945999905 ], [ -37.074574347999942, -54.51336028399993 ], [ -37.086496548999946, -54.510837497999944 ], [ -37.086496548999946, -54.503350518999923 ], [ -37.06663977799991, -54.503350518999923 ], [ -37.107574022999927, -54.489678643999923 ], [ -37.109974738999938, -54.476983330999929 ], [ -37.102935350999928, -54.471774997999944 ], [ -37.09211178299995, -54.469496351999908 ], [ -37.083078579999949, -54.465915622999944 ] ] ], [ [ [ -38.087025519999941, -54.003676039999903 ], [ -38.077992316999939, -53.991957289999903 ], [ -38.062367316999939, -53.988051039999903 ], [ -38.026193813999953, -53.989434502999927 ], [ -38.065785285999937, -54.002373955999929 ], [ -38.076324022999927, -54.003838799999926 ], [ -38.087025519999941, -54.003676039999903 ] ] ], [ [ [ -35.908802863999938, -54.687269789999903 ], [ -35.93578040299991, -54.689060153999947 ], [ -35.914784308999913, -54.715264580999929 ], [ -35.871490037999934, -54.736911716999941 ], [ -35.822417772999927, -54.751560153999947 ], [ -35.784291144999941, -54.757256768999923 ], [ -35.784291144999941, -54.764743747999944 ], [ -35.79718990799995, -54.766696872999944 ], [ -35.810943162999934, -54.772067966999941 ], [ -35.822010870999918, -54.779473565999922 ], [ -35.826527472999942, -54.787692966999941 ], [ -35.835113084999932, -54.79070403399993 ], [ -35.854603644999941, -54.789727471999925 ], [ -35.887318488999938, -54.78443775799991 ], [ -35.907338019999941, -54.804620049999926 ], [ -35.937367316999939, -54.809991143999923 ], [ -35.969838019999941, -54.806084893999923 ], [ -35.997181769999941, -54.79810963299991 ], [ -36.046864386999914, -54.775974216999941 ], [ -36.075550910999937, -54.766696872999944 ], [ -36.106434699999909, -54.764743747999944 ], [ -36.096587693999936, -54.775160414999903 ], [ -36.083973761999914, -54.783379815999922 ], [ -36.069935675999943, -54.78875090899993 ], [ -36.055816209999932, -54.79070403399993 ], [ -36.043080206999946, -54.794122002999927 ], [ -36.023019985999952, -54.811130466999941 ], [ -36.010853644999941, -54.818617445999905 ], [ -36.000070766999954, -54.822198174999926 ], [ -35.989165818999936, -54.823988539999903 ], [ -35.963042772999927, -54.824883721999925 ], [ -35.953480597999942, -54.82781340899993 ], [ -35.93382727799991, -54.841566664999903 ], [ -35.922027147999927, -54.845961195999905 ], [ -35.922027147999927, -54.852227471999925 ], [ -35.933176235999952, -54.853122653999947 ], [ -35.943837042999917, -54.852715752999927 ], [ -35.953846808999913, -54.850518487999921 ], [ -35.963042772999927, -54.845961195999905 ], [ -35.961008266999954, -54.850681247999944 ], [ -35.958078579999949, -54.861911716999941 ], [ -35.956166144999941, -54.86646900799991 ], [ -35.985178188999953, -54.866957289999903 ], [ -35.996205206999946, -54.863051039999903 ], [ -36.004017706999946, -54.852227471999925 ], [ -36.007720506999931, -54.865329684999949 ], [ -36.007476365999935, -54.87078215899993 ], [ -36.004017706999946, -54.879489841999941 ], [ -36.016672329999949, -54.879652601999908 ], [ -36.037831183999913, -54.87468840899993 ], [ -36.048980272999927, -54.873304945999905 ], [ -36.055165167999917, -54.87623463299991 ], [ -36.062611456999946, -54.882256768999923 ], [ -36.072621222999942, -54.887302341999941 ], [ -36.10179602799991, -54.887465101999908 ], [ -36.115956183999913, -54.884535414999903 ], [ -36.127308722999942, -54.877618096999925 ], [ -36.134388800999943, -54.86646900799991 ], [ -36.125152147999927, -54.865899346999925 ], [ -36.118967251999948, -54.864190362999921 ], [ -36.106434699999909, -54.85906340899993 ], [ -36.147368943999936, -54.845961195999905 ], [ -36.192372199999909, -54.811211846999925 ], [ -36.211781378999945, -54.806410414999903 ], [ -36.23501542899993, -54.795098565999922 ], [ -36.271555141999954, -54.770928643999923 ], [ -36.273060675999943, -54.756605726999908 ], [ -36.28343665299991, -54.758477471999925 ], [ -36.298817511999914, -54.743584893999923 ], [ -36.294992641999954, -54.728448174999926 ], [ -36.303822394999941, -54.711032809999949 ], [ -36.312326626999948, -54.690362237999921 ], [ -36.346424933999913, -54.654229424999926 ], [ -36.421742316999939, -54.593357028999947 ], [ -36.435658331999946, -54.585870049999926 ], [ -36.448475714999915, -54.584893487999921 ], [ -36.464466925999943, -54.58171965899993 ], [ -36.478016730999911, -54.576348565999922 ], [ -36.483754035999937, -54.568536065999922 ], [ -36.480458136999914, -54.557549737999921 ], [ -36.466297980999911, -54.545342705999929 ], [ -36.463286912999934, -54.537530205999929 ], [ -36.474436001999948, -54.523858330999929 ], [ -36.499012824999909, -54.510511976999908 ], [ -36.525298631999931, -54.500583591999941 ], [ -36.541818813999953, -54.496514580999929 ], [ -36.570139126999948, -54.496677341999941 ], [ -36.580677863999938, -54.499607028999947 ], [ -36.600819464999915, -54.513767184999949 ], [ -36.614654100999928, -54.516045830999929 ], [ -36.62913977799991, -54.51490650799991 ], [ -36.641468878999945, -54.510837497999944 ], [ -36.65851803299995, -54.498793226999908 ], [ -36.670033331999946, -54.487237237999921 ], [ -36.684315558999913, -54.476983330999929 ], [ -36.785511847999942, -54.448663018999923 ], [ -36.792632615999935, -54.448337497999944 ], [ -36.801909959999932, -54.449314059999949 ], [ -36.809966600999928, -54.448988539999903 ], [ -36.813384568999936, -54.44500090899993 ], [ -36.812245245999918, -54.440524997999944 ], [ -36.807240363999938, -54.429294528999947 ], [ -36.805978969999956, -54.427666924999926 ], [ -36.805897589999915, -54.422621351999908 ], [ -36.800445115999935, -54.41529713299991 ], [ -36.79906165299991, -54.410902601999908 ], [ -36.800282355999911, -54.403252862999921 ], [ -36.80337480399993, -54.402764580999929 ], [ -36.807932094999956, -54.403741143999923 ], [ -36.813384568999936, -54.400974216999941 ], [ -36.828236456999946, -54.390069268999923 ], [ -36.847279425999943, -54.383558851999908 ], [ -36.868153449999909, -54.38054778399993 ], [ -36.888498501999948, -54.379815362999921 ], [ -36.881011522999927, -54.372979424999926 ], [ -36.901478644999941, -54.366794528999947 ], [ -36.895659959999932, -54.356622002999927 ], [ -36.886138475999928, -54.351983330999929 ], [ -36.874134894999941, -54.35125090899993 ], [ -36.860503709999932, -54.352634372999944 ], [ -36.884510870999918, -54.336358330999929 ], [ -36.923573370999918, -54.335707289999903 ], [ -37.001454230999911, -54.345798434999949 ], [ -37.014475063999953, -54.34343840899993 ], [ -37.05296790299991, -54.331231377999927 ], [ -37.073068813999953, -54.321709893999923 ], [ -37.082427537999934, -54.31568775799991 ], [ -37.086496548999946, -54.311618747999944 ], [ -37.085682745999918, -54.304782809999949 ], [ -37.081166144999941, -54.295505466999941 ], [ -37.080230272999927, -54.287286065999922 ], [ -37.089914516999954, -54.283623955999929 ], [ -37.103016730999911, -54.281182549999926 ], [ -37.118967251999948, -54.275160414999903 ], [ -37.134266730999911, -54.267510674999926 ], [ -37.145415818999936, -54.260023695999905 ], [ -37.153391079999949, -54.25750090899993 ], [ -37.172271287999934, -54.261651299999926 ], [ -37.182972785999937, -54.260023695999905 ], [ -37.200062628999945, -54.25318775799991 ], [ -37.223622199999909, -54.249444268999923 ], [ -37.241566535999937, -54.250420830999929 ], [ -37.270375128999945, -54.260674737999921 ], [ -37.331166144999941, -54.264743747999944 ], [ -37.350168423999946, -54.26881275799991 ], [ -37.368275519999941, -54.277439059999949 ], [ -37.374256964999915, -54.270440362999921 ], [ -37.382557745999918, -54.266534112999921 ], [ -37.392201300999943, -54.266045830999929 ], [ -37.402455206999946, -54.269952080999929 ], [ -37.413685675999943, -54.255303643999923 ], [ -37.409657355999911, -54.248467705999929 ], [ -37.334584113999938, -54.229668877999927 ], [ -37.319203253999945, -54.229099216999941 ], [ -37.338490363999938, -54.213799737999921 ], [ -37.394398566999939, -54.200941664999903 ], [ -37.409250454999949, -54.181817315999922 ], [ -37.367543097999942, -54.182386976999908 ], [ -37.321197068999936, -54.173760674999926 ], [ -37.237294074999909, -54.14771900799991 ], [ -37.262115037999934, -54.141045830999929 ], [ -37.353423631999931, -54.141208591999941 ], [ -37.388091600999928, -54.14771900799991 ], [ -37.400786912999934, -54.145114841999941 ], [ -37.424305792999917, -54.135511976999908 ], [ -37.436268683999913, -54.133477471999925 ], [ -37.529042120999918, -54.133477471999925 ], [ -37.553212042999917, -54.137627862999921 ], [ -37.562001105999911, -54.146905205999929 ], [ -37.555165167999917, -54.156426690999922 ], [ -37.532704230999911, -54.161309502999927 ], [ -37.551136847999942, -54.165948174999926 ], [ -37.629709438999953, -54.17546965899993 ], [ -37.668771938999953, -54.17310963299991 ], [ -37.689808722999942, -54.174411716999941 ], [ -37.685047980999911, -54.170017184999949 ], [ -37.680409308999913, -54.164239190999922 ], [ -37.676136847999942, -54.161309502999927 ], [ -37.689442511999914, -54.156182549999926 ], [ -37.724517381999931, -54.133477471999925 ], [ -37.68814042899993, -54.120293877999927 ], [ -37.670074022999927, -54.111260674999926 ], [ -37.655629035999937, -54.09929778399993 ], [ -37.671742316999939, -54.096123955999929 ], [ -37.706288214999915, -54.098321221999925 ], [ -37.724517381999931, -54.092461846999925 ], [ -37.661284959999932, -54.073174737999921 ], [ -37.631581183999913, -54.059014580999929 ], [ -37.614654100999928, -54.037855726999908 ], [ -37.734486456999946, -54.037855726999908 ], [ -37.792836066999939, -54.044040622999944 ], [ -37.807850714999915, -54.041192315999922 ], [ -37.829172329999949, -54.032159112999921 ], [ -37.840646938999953, -54.030450127999927 ], [ -37.896595831999946, -54.043226820999905 ], [ -37.927723761999914, -54.045586846999925 ], [ -37.953602667999917, -54.034112237999921 ], [ -37.973215298999946, -54.028090101999908 ], [ -38.012277798999946, -54.05201588299991 ], [ -38.032378709999932, -54.051446221999925 ], [ -38.029896613999938, -54.041924737999921 ], [ -38.025217251999948, -54.03289153399993 ], [ -38.017323370999918, -54.026136976999908 ], [ -38.005116339999915, -54.023614190999922 ], [ -38.009917772999927, -54.015720309999949 ], [ -38.014556443999936, -54.011163018999923 ], [ -38.021392381999931, -54.00945403399993 ], [ -38.032378709999932, -54.009942315999922 ], [ -38.01585852799991, -54.004082940999922 ], [ -37.964182094999956, -54.003676039999903 ], [ -37.912464972999942, -53.990980726999908 ], [ -37.891835089999915, -53.989434502999927 ], [ -37.870432094999956, -53.992608330999929 ], [ -37.837269660999937, -54.006768487999921 ], [ -37.820139126999948, -54.009942315999922 ], [ -37.798939581999946, -54.007907809999949 ], [ -37.776844855999911, -54.002373955999929 ], [ -37.755848761999914, -53.993747653999947 ], [ -37.738189256999931, -53.982598565999922 ], [ -37.738270636999914, -53.973239841999941 ], [ -37.716664191999939, -53.972426039999903 ], [ -37.688791469999956, -53.976820570999905 ], [ -37.669911261999914, -53.982598565999922 ], [ -37.679107225999928, -53.984958591999941 ], [ -37.68423417899993, -53.98796965899993 ], [ -37.687163865999935, -53.993747653999947 ], [ -37.689808722999942, -54.003676039999903 ], [ -37.49242102799991, -54.000420830999929 ], [ -37.421620245999918, -53.985935153999947 ], [ -37.381947394999941, -53.982598565999922 ], [ -37.381947394999941, -53.989434502999927 ], [ -37.443348761999914, -54.009942315999922 ], [ -37.436512824999909, -54.017347914999903 ], [ -37.443348761999914, -54.030450127999927 ], [ -37.463856574999909, -54.030450127999927 ], [ -37.442779100999928, -54.042901299999926 ], [ -37.426340298999946, -54.049086195999905 ], [ -37.40884355399993, -54.051364841999941 ], [ -37.38499915299991, -54.051446221999925 ], [ -37.376291469999956, -54.050388278999947 ], [ -37.359242316999939, -54.045179945999905 ], [ -37.350575324999909, -54.044040622999944 ], [ -37.292551235999952, -54.044040622999944 ], [ -37.232818162999934, -54.067559502999927 ], [ -37.223622199999909, -54.068536065999922 ], [ -37.217396613999938, -54.05242278399993 ], [ -37.202381964999915, -54.048923434999949 ], [ -37.184559699999909, -54.049004815999922 ], [ -37.169667120999918, -54.044040622999944 ], [ -37.171376105999911, -54.034112237999921 ], [ -37.155995245999918, -54.031426690999922 ], [ -37.135365363999938, -54.031833591999941 ], [ -37.121205206999946, -54.030450127999927 ], [ -37.139719204999949, -54.045993747999944 ], [ -37.13345292899993, -54.050388278999947 ], [ -37.117583787999934, -54.05006275799991 ], [ -37.107574022999927, -54.051446221999925 ], [ -37.108143683999913, -54.06218840899993 ], [ -37.117787238999938, -54.069919528999947 ], [ -37.141713019999941, -54.078789971999925 ], [ -37.137562628999945, -54.087985934999949 ], [ -37.138539191999939, -54.096774997999944 ], [ -37.142933722999942, -54.105238539999903 ], [ -37.149159308999913, -54.113539320999905 ], [ -37.122425910999937, -54.111911716999941 ], [ -37.10179602799991, -54.098809502999927 ], [ -37.082590298999946, -54.080987237999921 ], [ -37.059803839999915, -54.065118096999925 ], [ -37.037261522999927, -54.057793877999927 ], [ -37.005238410999937, -54.05201588299991 ], [ -36.978138800999943, -54.054782809999949 ], [ -36.970366990999935, -54.07195403399993 ], [ -37.013295050999943, -54.096449476999908 ], [ -37.03148352799991, -54.110528252999927 ], [ -37.018177863999938, -54.119805596999925 ], [ -36.99632727799991, -54.116957289999903 ], [ -36.915760870999918, -54.08562590899993 ], [ -36.921131964999915, -54.082452080999929 ], [ -36.931019660999937, -54.074883721999925 ], [ -36.936268683999913, -54.07195403399993 ], [ -36.914784308999913, -54.067966403999947 ], [ -36.891428188999953, -54.069512627999927 ], [ -36.84007727799991, -54.078789971999925 ], [ -36.812652147999927, -54.088474216999941 ], [ -36.805978969999956, -54.092461846999925 ], [ -36.804066535999937, -54.103122653999947 ], [ -36.816273566999939, -54.115655205999929 ], [ -36.813384568999936, -54.12664153399993 ], [ -36.818226691999939, -54.135349216999941 ], [ -36.813221808999913, -54.141289971999925 ], [ -36.80296790299991, -54.143487237999921 ], [ -36.79165605399993, -54.14031340899993 ], [ -36.788075324999909, -54.132989190999922 ], [ -36.784250454999949, -54.108086846999925 ], [ -36.778635219999956, -54.09929778399993 ], [ -36.753529425999943, -54.093926690999922 ], [ -36.655100063999953, -54.106133721999925 ], [ -36.662587042999917, -54.113539320999905 ], [ -36.642933722999942, -54.114027601999908 ], [ -36.631581183999913, -54.115655205999929 ], [ -36.621571417999917, -54.119805596999925 ], [ -36.621571417999917, -54.12664153399993 ], [ -36.629790818999936, -54.135186455999929 ], [ -36.632313605999911, -54.139418226999908 ], [ -36.635243292999917, -54.14771900799991 ], [ -36.652088995999918, -54.141289971999925 ], [ -36.670074022999927, -54.140232028999947 ], [ -36.68773352799991, -54.144463799999926 ], [ -36.703480597999942, -54.153903903999947 ], [ -36.675404425999943, -54.158135674999926 ], [ -36.664133266999954, -54.16179778399993 ], [ -36.668771938999953, -54.168226820999905 ], [ -36.680490688999953, -54.170993747999944 ], [ -36.705189581999946, -54.170505466999941 ], [ -36.717152472999942, -54.174411716999941 ], [ -36.691558397999927, -54.184177341999941 ], [ -36.659169074999909, -54.182061455999929 ], [ -36.59984290299991, -54.168226820999905 ], [ -36.541818813999953, -54.161309502999927 ], [ -36.533355272999927, -54.166924737999921 ], [ -36.524403449999909, -54.17701588299991 ], [ -36.513050910999937, -54.182712497999944 ], [ -36.497466600999928, -54.174411716999941 ], [ -36.492665167999917, -54.181410414999903 ], [ -36.491118943999936, -54.184991143999923 ], [ -36.492665167999917, -54.188571872999944 ], [ -36.497466600999928, -54.195489190999922 ], [ -36.512562628999945, -54.188164971999925 ], [ -36.528879360999952, -54.187758070999905 ], [ -36.558949347999942, -54.195489190999922 ], [ -36.573109503999945, -54.202325127999927 ], [ -36.657460089999915, -54.239434502999927 ], [ -36.66429602799991, -54.241143487999921 ], [ -36.669992641999954, -54.243584893999923 ], [ -36.675648566999939, -54.249444268999923 ], [ -36.67414303299995, -54.254001559999949 ], [ -36.668934699999909, -54.259942315999922 ], [ -36.667062954999949, -54.267673434999949 ], [ -36.675648566999939, -54.277439059999949 ], [ -36.650461391999954, -54.279066664999903 ], [ -36.630848761999914, -54.277764580999929 ], [ -36.613270636999914, -54.27271900799991 ], [ -36.545074022999927, -54.237725518999923 ], [ -36.519032355999911, -54.231866143999923 ], [ -36.504261847999942, -54.242771091999941 ], [ -36.491851365999935, -54.234633070999905 ], [ -36.477406378999945, -54.238864841999941 ], [ -36.468861456999946, -54.250909112999921 ], [ -36.473866339999915, -54.266534112999921 ], [ -36.481678839999915, -54.269707940999922 ], [ -36.491851365999935, -54.270114841999941 ], [ -36.500559048999946, -54.272149346999925 ], [ -36.504261847999942, -54.28053150799991 ], [ -36.501088019999941, -54.286309502999927 ], [ -36.495187954999949, -54.289239190999922 ], [ -36.492095506999931, -54.293877862999921 ], [ -36.497466600999928, -54.304782809999949 ], [ -36.487700975999928, -54.314222914999903 ], [ -36.485829230999911, -54.324883721999925 ], [ -36.489735480999911, -54.33562590899993 ], [ -36.497466600999928, -54.345798434999949 ], [ -36.458119269999941, -54.318291924999926 ], [ -36.436634894999941, -54.310153903999947 ], [ -36.418934699999909, -54.314629815999922 ], [ -36.39281165299991, -54.343194268999923 ], [ -36.375070766999954, -54.356052341999941 ], [ -36.354074673999946, -54.359307549999926 ], [ -36.336537238999938, -54.351495049999926 ], [ -36.338490363999938, -54.338148695999905 ], [ -36.348255988999938, -54.320733330999929 ], [ -36.354074673999946, -54.301039320999905 ], [ -36.357492641999954, -54.293552341999941 ], [ -36.380726691999939, -54.277439059999949 ], [ -36.387806769999941, -54.269301039999903 ], [ -36.391916469999956, -54.262872002999927 ], [ -36.393788214999915, -54.254978122999944 ], [ -36.394439256999931, -54.242771091999941 ], [ -36.329213019999941, -54.257256768999923 ], [ -36.298898891999954, -54.268161716999941 ], [ -36.291981574999909, -54.283623955999929 ], [ -36.280344204999949, -54.282159112999921 ], [ -36.269032355999911, -54.282159112999921 ], [ -36.260609503999945, -54.285414320999905 ], [ -36.257232225999928, -54.29420338299991 ], [ -36.255482550999943, -54.305108330999929 ], [ -36.253041144999941, -54.312920830999929 ], [ -36.254628058999913, -54.319105726999908 ], [ -36.264719204999949, -54.325290622999944 ], [ -36.23468990799995, -54.338799737999921 ], [ -36.235340949999909, -54.343519789999903 ], [ -36.248850063999953, -54.350274346999925 ], [ -36.257232225999928, -54.369886976999908 ], [ -36.243885870999918, -54.375258070999905 ], [ -36.161691860999952, -54.372979424999926 ], [ -36.164458787999934, -54.386163018999923 ], [ -36.165272589999915, -54.399346612999921 ], [ -36.171009894999941, -54.409763278999947 ], [ -36.188954230999911, -54.414646091999941 ], [ -36.183949347999942, -54.423923434999949 ], [ -36.176258917999917, -54.430271091999941 ], [ -36.166371222999942, -54.433851820999905 ], [ -36.154855923999946, -54.435153903999947 ], [ -36.155018683999913, -54.443942966999941 ], [ -36.146351691999939, -54.449802341999941 ], [ -36.133412238999938, -54.453383070999905 ], [ -36.120716925999943, -54.455661716999941 ], [ -36.114816860999952, -54.454847914999903 ], [ -36.100209113999938, -54.448663018999923 ], [ -36.092925584999932, -54.451755466999941 ], [ -36.076039191999939, -54.462497653999947 ], [ -36.051503058999913, -54.461195570999905 ], [ -36.041981574999909, -54.463962497999944 ], [ -36.038156704999949, -54.472588799999926 ], [ -36.035064256999931, -54.48406340899993 ], [ -36.027251756999931, -54.49146900799991 ], [ -36.016224738999938, -54.49537525799991 ], [ -36.03351803299995, -54.504489841999941 ], [ -36.056385870999918, -54.514825127999927 ], [ -36.100209113999938, -54.545017184999949 ], [ -36.088449673999946, -54.551527601999908 ], [ -36.069813605999911, -54.566664320999905 ], [ -36.05923417899993, -54.571709893999923 ], [ -36.04328365799995, -54.57350025799991 ], [ -35.950591600999928, -54.570570570999905 ], [ -35.93578040299991, -54.565524997999944 ], [ -35.910145636999914, -54.55201588299991 ], [ -35.898304816999939, -54.548597914999903 ], [ -35.887318488999938, -54.551202080999929 ], [ -35.891224738999938, -54.562432549999926 ], [ -35.90843665299991, -54.592705987999921 ], [ -35.931792772999927, -54.617608330999929 ], [ -35.93578040299991, -54.620049737999921 ], [ -35.911936001999948, -54.664808851999908 ], [ -35.908802863999938, -54.687269789999903 ] ] ], [ [ [ -34.588937954999892, -55.062839450999945 ], [ -34.5810847649999, -55.056654554999852 ], [ -34.565907355999911, -55.059340101999851 ], [ -34.558420376999948, -55.069838148999906 ], [ -34.567128058999913, -55.077813408999873 ], [ -34.579660610999952, -55.078138929999909 ], [ -34.588042772999927, -55.072279554999852 ], [ -34.588937954999892, -55.062839450999945 ] ] ], [ [ [ -34.665109829999949, -55.019789320999905 ], [ -34.646799282999893, -55.011651299999869 ], [ -34.630279100999928, -55.015069268999866 ], [ -34.624297654999907, -55.030368747999944 ], [ -34.634429490999935, -55.047051690999865 ], [ -34.65103105399993, -55.054782809999892 ], [ -34.668771938999896, -55.049493096999925 ], [ -34.676503058999913, -55.034600518999866 ], [ -34.665109829999949, -55.019789320999905 ] ] ], [ [ [ -34.728789842999902, -54.977878513999883 ], [ -34.70523027299987, -54.981540622999944 ], [ -34.698597785999937, -54.989597263999883 ], [ -34.700672980999911, -54.997084242999847 ], [ -34.713002081999889, -55.003350518999923 ], [ -34.730417446999923, -55.003676039999903 ], [ -34.745513475999928, -54.997409763999883 ], [ -34.749541795999903, -54.98585377399985 ], [ -34.728789842999902, -54.977878513999883 ] ] ], [ [ [ -41.75515702999985, -53.560560804999909 ], [ -41.737334764999957, -53.560479424999926 ], [ -41.72313391799986, -53.578545830999929 ], [ -41.733713344999899, -53.594414971999868 ], [ -41.75531979099992, -53.589532158999873 ], [ -41.762562628999945, -53.573825778999947 ], [ -41.75515702999985, -53.560560804999909 ] ] ], [ [ [ -42.111724412999934, -53.458428643999923 ], [ -42.095692511999857, -53.457126559999949 ], [ -42.078928188999953, -53.475111585999855 ], [ -42.079579230999855, -53.494805596999925 ], [ -42.097564256999931, -53.49570077899989 ], [ -42.113026495999918, -53.487399997999944 ], [ -42.119007941999939, -53.47193775799991 ], [ -42.111724412999934, -53.458428643999923 ] ] ] ] } },
{ "type": "Feature", "properties": { "featurecla": "Admin-0 claim area", "scalerank": 5, "LABELRANK": 5, "SOVEREIGNT": "United Kingdom", "SOV_A3": "GB1", "ADM0_DIF": 1, "LEVEL": 2, "TYPE": "Disputed", "TLC": "1", "ADMIN": "Falkland Islands", "ADM0_A3": "FLK", "GEOU_DIF": 0, "GEOUNIT": "Falkland Islands", "GU_A3": "FLK", "SU_DIF": 0, "SUBUNIT": "Falkland Islands", "SU_A3": "FLK", "BRK_DIFF": 1, "NAME": "Falkland Is.", "NAME_LONG": "Falkland Islands / Malvinas", "BRK_A3": "B12", "BRK_NAME": "Falkland Is.", "BRK_GROUP": null, "ABBREV": "Flk. Is.", "POSTAL": "FK", "FORMAL_EN": "Falkland Islands", "FORMAL_FR": null, "NAME_CIAWF": "Falkland Islands (Islas Malvinas)", "NOTE_ADM0": "U.K.", "NOTE_BRK": "Admin. by U.K.; Claimed by Argentina", "NAME_SORT": "Falkland Islands", "NAME_ALT": "Islas Malvinas", "MAPCOLOR7": 6, "MAPCOLOR8": 6, "MAPCOLOR9": 6, "MAPCOLOR13": 3, "POP_EST": 3398, "POP_RANK": 4, "POP_YEAR": 2016, "GDP_MD": 282.0, "GDP_YEAR": 2012, "ECONOMY": "2. Developed region: nonG7", "INCOME_GRP": "1. High income: OECD", "FIPS_10": "FK", "ISO_A2": "FK", "ISO_A2_EH": "FK", "ISO_A3": "FLK", "ISO_A3_EH": "FLK", "ISO_N3": "238", "ISO_N3_EH": "238", "UN_A3": "238", "WB_A2": "-99", "WB_A3": "-99", "WOE_ID": 23424814, "WOE_ID_EH": 23424814, "WOE_NOTE": "Exact WOE match as country", "ADM0_ISO": "B12", "ADM0_DIFF": null, "ADM0_TLC": "B12", "ADM0_A3_US": "FLK", "ADM0_A3_FR": "FLK", "ADM0_A3_RU": "FLK", "ADM0_A3_ES": "FLK", "ADM0_A3_CN": "FLK", "ADM0_A3_TW": "FLK", "ADM0_A3_IN": "FLK", "ADM0_A3_NP": "FLK", "ADM0_A3_PK": "FLK", "ADM0_A3_DE": "FLK", "ADM0_A3_GB": "FLK", "ADM0_A3_BR": "FLK", "ADM0_A3_IL": "FLK", "ADM0_A3_PS": "FLK", "ADM0_A3_SA": "FLK", "ADM0_A3_EG": "FLK", "ADM0_A3_MA": "FLK", "ADM0_A3_PT": "FLK", "ADM0_A3_AR": "ARG", "ADM0_A3_JP": "FLK", "ADM0_A3_KO": "FLK", "ADM0_A3_VN": "FLK", "ADM0_A3_TR": "FLK", "ADM0_A3_ID": "FLK", "ADM0_A3_PL": "FLK", "ADM0_A3_GR": "FLK", "ADM0_A3_IT": "FLK", "ADM0_A3_NL": "FLK", "ADM0_A3_SE": "FLK", "ADM0_A3_BD": "FLK", "ADM0_A3_UA": "FLK", "ADM0_A3_UN": -99, "ADM0_A3_WB": -99, "CONTINENT": "South America", "REGION_UN": "Americas", "SUBREGION": "South America", "REGION_WB": "Latin America & Caribbean", "NAME_LEN": 12, "LONG_LEN": 27, "ABBREV_LEN": 8, "TINY": -99, "HOMEPART": -99, "MIN_ZOOM": 0.0, "MIN_LABEL": 4.5, "MAX_LABEL": 9.0, "LABEL_X": -58.738602, "LABEL_Y": -51.608913, "NE_ID": 1159320711, "WIKIDATAID": "Q9648", "NAME_AR": "جزر فوكلاند", "NAME_BN": "ফকল্যান্ড দ্বীপপুঞ্জ", "NAME_DE": "Falklandinseln", "NAME_EN": "Falkland Islands", "NAME_ES": "Islas Malvinas", "NAME_FA": "جزایر فالکلند", "NAME_FR": "îles Malouines", "NAME_EL": "Νήσοι Φώκλαντ", "NAME_HE": "איי פוקלנד", "NAME_HI": "फ़ॉकलैंड द्वीपसमूह", "NAME_HU": "Falkland-szigetek", "NAME_ID": "Kepulauan Falkland", "NAME_IT": "Isole Falkland", "NAME_JA": "フォークランド諸島", "NAME_KO": "포클랜드 제도", "NAME_NL": "Falklandeilanden", "NAME_PL": "Falklandy", "NAME_PT": "Ilhas Malvinas", "NAME_RU": "Фолклендские острова", "NAME_SV": "Falklandsöarna", "NAME_TR": "Falkland Adaları", "NAME_UK": "Фолклендські острови", "NAME_UR": "جزائر فاکلینڈ", "NAME_VI": "Quần đảo Falkland", "NAME_ZH": "福克兰群岛", "NAME_ZHT": "福克蘭群島", "FCLASS_ISO": "Admin-0 dependency", "TLC_DIFF": null, "FCLASS_TLC": "Admin-0 dependency", "FCLASS_US": null, "FCLASS_FR": null, "FCLASS_RU": null, "FCLASS_ES": null, "FCLASS_CN": null, "FCLASS_TW": null, "FCLASS_IN": null, "FCLASS_NP": null, "FCLASS_PK": null, "FCLASS_DE": null, "FCLASS_GB": null, "FCLASS_BR": null, "FCLASS_IL": null, "FCLASS_PS": null, "FCLASS_SA": null, "FCLASS_EG": null, "FCLASS_MA": null, "FCLASS_PT": null, "FCLASS_AR": "Unrecognized", "FCLASS_JP": null, "FCLASS_KO": null, "FCLASS_VN": null, "FCLASS_TR": null, "FCLASS_ID": null, "FCLASS_PL": null, "FCLASS_GR": null, "FCLASS_IT": null, "FCLASS_NL": null, "FCLASS_SE": null, "FCLASS_BD": null, "FCLASS_UA": null }, "geometry": { "type": "MultiPolygon", "coordinates": [ [ [ [ -59.694447394999941, -52.208103122999944 ], [ -59.676869269999941, -52.215590101999908 ], [ -59.679188605999911, -52.229261976999908 ], [ -59.693267381999931, -52.242445570999905 ], [ -59.71125240799995, -52.248304945999905 ], [ -59.719715949999909, -52.24968840899993 ], [ -59.729969855999911, -52.253350518999923 ], [ -59.73859615799995, -52.258884372999944 ], [ -59.746693488999938, -52.274021091999941 ], [ -59.756011522999927, -52.273614190999922 ], [ -59.764230923999946, -52.266371351999908 ], [ -59.765004035999937, -52.254327080999929 ], [ -59.765492316999939, -52.252699476999908 ], [ -59.766346808999913, -52.25123463299991 ], [ -59.767567511999914, -52.249769789999903 ], [ -59.769520636999914, -52.248304945999905 ], [ -59.758697068999936, -52.240817966999941 ], [ -59.749501105999911, -52.22779713299991 ], [ -59.744984503999945, -52.211521091999941 ], [ -59.748402472999942, -52.193780205999929 ], [ -59.760975714999915, -52.18092213299991 ], [ -59.777007615999935, -52.174493096999925 ], [ -59.791005011999914, -52.166680596999925 ], [ -59.796864386999914, -52.149509372999944 ], [ -59.792144334999932, -52.13054778399993 ], [ -59.781809048999946, -52.138767184999949 ], [ -59.76585852799991, -52.166436455999929 ], [ -59.716542120999918, -52.163018487999921 ], [ -59.695179816999939, -52.166273695999905 ], [ -59.680165167999917, -52.179457289999903 ], [ -59.684803839999915, -52.184258721999925 ], [ -59.688872850999928, -52.19109465899993 ], [ -59.692250128999945, -52.199151299999926 ], [ -59.694447394999941, -52.208103122999944 ] ] ], [ [ [ -61.19399980399993, -51.817071221999925 ], [ -61.204986131999931, -51.819268487999921 ], [ -61.234974738999938, -51.83131275799991 ], [ -61.234974738999938, -51.837497653999947 ], [ -61.225656704999949, -51.840915622999944 ], [ -61.215565558999913, -51.841892184999949 ], [ -61.204945441999939, -51.840590101999908 ], [ -61.19399980399993, -51.837497653999947 ], [ -61.217518683999913, -51.862074476999908 ], [ -61.25226803299995, -51.861993096999925 ], [ -61.288807745999918, -51.846368096999925 ], [ -61.318186001999948, -51.824476820999905 ], [ -61.313303188999953, -51.821384372999944 ], [ -61.308338995999918, -51.819268487999921 ], [ -61.297678188999953, -51.817071221999925 ], [ -61.288726365999935, -51.819756768999923 ], [ -61.267323370999918, -51.823663018999923 ], [ -61.25064042899993, -51.833754164999903 ], [ -61.246083136999914, -51.829685153999947 ], [ -61.24242102799991, -51.817071221999925 ], [ -61.239165818999936, -51.81218840899993 ], [ -61.237212693999936, -51.805352471999925 ], [ -61.232899542999917, -51.799086195999905 ], [ -61.222279425999943, -51.79656340899993 ], [ -61.21353105399993, -51.797946872999944 ], [ -61.206166144999941, -51.801934502999927 ], [ -61.199696417999917, -51.808526299999926 ], [ -61.19399980399993, -51.817071221999925 ] ] ], [ [ [ -60.947621222999942, -51.947360934999949 ], [ -60.976429816999939, -51.953383070999905 ], [ -60.996693488999938, -51.952732028999947 ], [ -61.043812628999945, -51.940606377999927 ], [ -61.039540167999917, -51.930596612999921 ], [ -61.036976691999939, -51.926934502999927 ], [ -61.051340298999946, -51.926690362999921 ], [ -61.057606574999909, -51.920342705999929 ], [ -61.060536261999914, -51.912204684999949 ], [ -61.064930792999917, -51.906426690999922 ], [ -61.074818488999938, -51.903903903999947 ], [ -61.09593665299991, -51.902520440999922 ], [ -61.105865037999934, -51.899590752999927 ], [ -61.109486456999946, -51.897149346999925 ], [ -61.111805792999917, -51.894626559999949 ], [ -61.114613410999937, -51.892754815999922 ], [ -61.119536912999934, -51.892754815999922 ], [ -61.111805792999917, -51.87078215899993 ], [ -61.118641730999911, -51.856540622999944 ], [ -61.134348110999952, -51.848321221999925 ], [ -61.153065558999913, -51.844903252999927 ], [ -61.135650193999936, -51.83171965899993 ], [ -61.121896938999953, -51.82586028399993 ], [ -61.105946417999917, -51.824314059999949 ], [ -61.065256313999953, -51.824802341999941 ], [ -61.059478318999936, -51.82390715899993 ], [ -61.047230597999942, -51.807061455999929 ], [ -61.028391079999949, -51.788506768999923 ], [ -61.016672329999949, -51.781182549999926 ], [ -61.00226803299995, -51.77662525799991 ], [ -60.997670050999943, -51.776055596999925 ], [ -60.986887173999946, -51.776055596999925 ], [ -60.982329881999931, -51.77662525799991 ], [ -60.974598761999914, -51.780043226999908 ], [ -60.971831834999932, -51.783868096999925 ], [ -60.97093665299991, -51.787286065999922 ], [ -60.968658006999931, -51.789727471999925 ], [ -60.948394334999932, -51.796075127999927 ], [ -60.939808722999942, -51.803399346999925 ], [ -60.944203253999945, -51.813897393999923 ], [ -60.96312415299991, -51.82390715899993 ], [ -61.012196417999917, -51.841566664999903 ], [ -61.030181443999936, -51.858575127999927 ], [ -61.032622850999928, -51.86687590899993 ], [ -61.027455206999946, -51.869235934999949 ], [ -60.954945441999939, -51.853773695999905 ], [ -60.924549933999913, -51.836521091999941 ], [ -60.904855923999946, -51.829685153999947 ], [ -60.888539191999939, -51.819268487999921 ], [ -60.879302537999934, -51.79656340899993 ], [ -60.883656378999945, -51.788262627999927 ], [ -60.893299933999913, -51.785088799999926 ], [ -60.897938605999911, -51.780857028999947 ], [ -60.886789516999954, -51.76921965899993 ], [ -60.874012824999909, -51.761895440999922 ], [ -60.862863735999952, -51.760918877999927 ], [ -60.855051235999952, -51.766696872999944 ], [ -60.852040167999917, -51.779880466999941 ], [ -60.853911912999934, -51.78875090899993 ], [ -60.858550584999932, -51.798923434999949 ], [ -60.864328579999949, -51.808038018999923 ], [ -60.86937415299991, -51.813897393999923 ], [ -60.874989386999914, -51.823011976999908 ], [ -60.877105272999927, -51.847588799999926 ], [ -60.879302537999934, -51.858575127999927 ], [ -60.885650193999936, -51.87037525799991 ], [ -60.907297329999949, -51.899590752999927 ], [ -60.865712042999917, -51.899590752999927 ], [ -60.873605923999946, -51.908786716999941 ], [ -60.880604620999918, -51.92701588299991 ], [ -60.886789516999954, -51.934340101999908 ], [ -60.900786912999934, -51.940606377999927 ], [ -60.947621222999942, -51.947360934999949 ] ] ], [ [ [ -61.270375128999945, -51.680433851999908 ], [ -61.248850063999953, -51.680108330999929 ], [ -61.212961391999954, -51.690850518999923 ], [ -61.19399980399993, -51.693536065999922 ], [ -61.21117102799991, -51.699883721999925 ], [ -61.250477667999917, -51.698337497999944 ], [ -61.266672329999949, -51.704034112999921 ], [ -61.274322068999936, -51.714043877999927 ], [ -61.277333136999914, -51.725681247999944 ], [ -61.277211066999939, -51.75554778399993 ], [ -61.289540167999917, -51.752536716999941 ], [ -61.302113410999937, -51.747653903999947 ], [ -61.312408006999931, -51.73992278399993 ], [ -61.318186001999948, -51.72820403399993 ], [ -61.312001105999911, -51.70826588299991 ], [ -61.304351365999935, -51.694919528999947 ], [ -61.291818813999953, -51.686211846999925 ], [ -61.270375128999945, -51.680433851999908 ] ] ], [ [ [ -59.632394985999952, -51.741306247999944 ], [ -59.659535285999937, -51.761651299999926 ], [ -59.725656704999949, -51.799248955999929 ], [ -59.831369594999899, -51.894952080999929 ], [ -59.851470506999931, -51.920668226999908 ], [ -59.860951300999943, -51.936211846999925 ], [ -59.87173417899993, -51.948988539999903 ], [ -59.88703365799995, -51.957777601999908 ], [ -59.931060350999928, -51.965020440999922 ], [ -59.994862433999913, -51.994561455999929 ], [ -60.002512173999946, -51.965264580999929 ], [ -60.005726691999939, -51.961032809999949 ], [ -60.030913865999935, -51.95867278399993 ], [ -60.044300910999937, -51.955661716999941 ], [ -60.050119594999899, -51.951104424999926 ], [ -60.054351365999935, -51.940199476999908 ], [ -60.064198370999918, -51.940606377999927 ], [ -60.074615037999934, -51.945977471999925 ], [ -60.080881313999953, -51.951104424999926 ], [ -60.083159959999932, -51.961521091999941 ], [ -60.071278449999909, -51.982028903999947 ], [ -60.074045376999948, -51.99146900799991 ], [ -60.094105597999942, -51.998711846999925 ], [ -60.180409308999913, -51.994561455999929 ], [ -60.203602667999917, -52.002699476999908 ], [ -60.215443488999938, -52.00359465899993 ], [ -60.221424933999913, -51.994561455999929 ], [ -60.218088344999899, -51.988539320999905 ], [ -60.200103318999936, -51.976657809999949 ], [ -60.194081183999913, -51.96843840899993 ], [ -60.259877081999946, -51.985446872999944 ], [ -60.27603105399993, -51.994561455999929 ], [ -60.286529100999928, -52.012790622999944 ], [ -60.280669725999928, -52.028090101999908 ], [ -60.269195115999935, -52.044854424999926 ], [ -60.263010219999899, -52.067152601999908 ], [ -60.268137173999946, -52.082126559999949 ], [ -60.280344204999949, -52.094496351999908 ], [ -60.360422329999949, -52.15357838299991 ], [ -60.372222459999932, -52.159600518999923 ], [ -60.394276495999918, -52.158786716999941 ], [ -60.425363735999952, -52.144789320999905 ], [ -60.447336391999954, -52.145928643999923 ], [ -60.443226691999939, -52.147393487999921 ], [ -60.441883917999917, -52.152601820999905 ], [ -60.442534959999932, -52.158868096999925 ], [ -60.444243943999936, -52.163018487999921 ], [ -60.451039191999939, -52.165622653999947 ], [ -60.457915818999936, -52.161553643999923 ], [ -60.464751756999931, -52.155857028999947 ], [ -60.481434699999909, -52.148532809999949 ], [ -60.500111456999946, -52.129815362999921 ], [ -60.505970831999946, -52.125583591999941 ], [ -60.517567511999914, -52.12273528399993 ], [ -60.537098761999914, -52.111993096999925 ], [ -60.550363735999952, -52.111911716999941 ], [ -60.556548631999931, -52.116143487999921 ], [ -60.558338995999918, -52.122979424999926 ], [ -60.555287238999938, -52.129489841999941 ], [ -60.528391079999949, -52.137872002999927 ], [ -60.513172980999911, -52.15162525799991 ], [ -60.50218665299991, -52.169366143999923 ], [ -60.495757615999935, -52.186944268999923 ], [ -60.536610480999911, -52.217054945999905 ], [ -60.592762824999909, -52.236748955999929 ], [ -60.64671790299991, -52.233086846999925 ], [ -60.681304490999935, -52.193780205999929 ], [ -60.668324347999942, -52.19459400799991 ], [ -60.65851803299995, -52.196872653999947 ], [ -60.649566209999932, -52.197523695999905 ], [ -60.639068162999934, -52.193780205999929 ], [ -60.657866990999935, -52.18482838299991 ], [ -60.682525193999936, -52.167575778999947 ], [ -60.704497850999928, -52.14812590899993 ], [ -60.714833136999914, -52.132419528999947 ], [ -60.70726477799991, -52.129327080999929 ], [ -60.69399980399993, -52.119561455999929 ], [ -60.688588019999941, -52.109144789999903 ], [ -60.704253709999932, -52.104424737999921 ], [ -60.80492102799991, -52.101739190999922 ], [ -60.817860480999911, -52.104424737999921 ], [ -60.826079881999931, -52.111748955999929 ], [ -60.820139126999948, -52.115980726999908 ], [ -60.807118292999917, -52.118096612999921 ], [ -60.794300910999937, -52.118747653999947 ], [ -60.77407792899993, -52.124769789999903 ], [ -60.751454230999911, -52.139743747999944 ], [ -60.732248501999948, -52.15789153399993 ], [ -60.722279425999943, -52.173923434999949 ], [ -60.780344204999949, -52.173923434999949 ], [ -60.796783006999931, -52.172051690999922 ], [ -60.805043097999942, -52.16725025799991 ], [ -60.810210740999935, -52.160414320999905 ], [ -60.855458136999914, -52.122165622999944 ], [ -60.867298956999946, -52.115166924999926 ], [ -60.880238410999937, -52.113864841999941 ], [ -60.893788214999915, -52.114190362999921 ], [ -60.907297329999949, -52.111911716999941 ], [ -60.924916144999941, -52.101332289999903 ], [ -60.957590298999946, -52.073011976999908 ], [ -60.975575324999909, -52.064060153999947 ], [ -61.021595831999946, -52.057549737999921 ], [ -61.036936001999948, -52.04656340899993 ], [ -61.030181443999936, -52.022556247999944 ], [ -61.01976477799991, -52.012465101999908 ], [ -60.994699673999946, -52.015883070999905 ], [ -60.940785285999937, -52.029961846999925 ], [ -60.897206183999913, -52.031914971999925 ], [ -60.886789516999954, -52.036228122999944 ], [ -60.882394985999952, -52.045993747999944 ], [ -60.882883266999954, -52.057305596999925 ], [ -60.878325975999928, -52.065199476999908 ], [ -60.858876105999911, -52.064060153999947 ], [ -60.873158331999946, -52.029961846999925 ], [ -60.805490688999953, -52.024346612999921 ], [ -60.742176886999914, -52.008884372999944 ], [ -60.742176886999914, -52.002048434999949 ], [ -60.773996548999946, -51.990817966999941 ], [ -60.80101477799991, -51.987725518999923 ], [ -60.824370897999927, -51.979913018999923 ], [ -60.845204230999911, -51.95476653399993 ], [ -60.758412238999938, -51.954278252999927 ], [ -60.712961391999954, -51.961358330999929 ], [ -60.694406704999949, -51.98211028399993 ], [ -60.687570766999954, -51.98211028399993 ], [ -60.683664516999954, -51.974786065999922 ], [ -60.679514126999948, -51.970147393999923 ], [ -60.667062954999949, -51.961032809999949 ], [ -60.665394660999937, -51.971368096999925 ], [ -60.660267706999946, -51.98015715899993 ], [ -60.652455206999946, -51.983819268999923 ], [ -60.642567511999914, -51.978692315999922 ], [ -60.632191535999937, -51.971774997999944 ], [ -60.622547980999911, -51.971286716999941 ], [ -60.611927863999938, -51.973728122999944 ], [ -60.584055141999954, -51.976657809999949 ], [ -60.573801235999952, -51.979913018999923 ], [ -60.557199673999946, -51.988376559999949 ], [ -60.540638800999943, -51.99968840899993 ], [ -60.532053188999953, -51.999932549999926 ], [ -60.523060675999943, -51.988376559999949 ], [ -60.536732550999943, -51.98211028399993 ], [ -60.536732550999943, -51.975274346999925 ], [ -60.511301235999952, -51.975681247999944 ], [ -60.483021613999938, -51.972263278999947 ], [ -60.456044074999909, -51.965101820999905 ], [ -60.434315558999913, -51.95476653399993 ], [ -60.40843665299991, -51.925225518999923 ], [ -60.402943488999938, -51.920668226999908 ], [ -60.399891730999911, -51.916599216999941 ], [ -60.405506964999915, -51.908786716999941 ], [ -60.41665605399993, -51.904229424999926 ], [ -60.430572068999936, -51.90984465899993 ], [ -60.466786261999914, -51.930433851999908 ], [ -60.514719204999949, -51.941827080999929 ], [ -60.564320441999939, -51.941176039999903 ], [ -60.605580206999946, -51.926934502999927 ], [ -60.526193813999953, -51.930271091999941 ], [ -60.505970831999946, -51.923760674999926 ], [ -60.498646613999938, -51.920505466999941 ], [ -60.479237433999913, -51.915215752999927 ], [ -60.47524980399993, -51.90984465899993 ], [ -60.472035285999937, -51.900811455999929 ], [ -60.464426235999952, -51.891778252999927 ], [ -60.455189581999946, -51.88404713299991 ], [ -60.447336391999954, -51.879082940999922 ], [ -60.456654425999943, -51.867282809999949 ], [ -60.455637173999946, -51.859470309999949 ], [ -60.450428839999915, -51.852959893999923 ], [ -60.447336391999954, -51.844903252999927 ], [ -60.448557094999899, -51.835381768999923 ], [ -60.453684048999946, -51.813653252999927 ], [ -60.454741990999935, -51.799981377999927 ], [ -60.444488084999932, -51.78289153399993 ], [ -60.420318162999934, -51.770440362999921 ], [ -60.39289303299995, -51.76531340899993 ], [ -60.372222459999932, -51.76921965899993 ], [ -60.379953579999949, -51.777601820999905 ], [ -60.388335740999935, -51.784926039999903 ], [ -60.406361456999946, -51.79656340899993 ], [ -60.375721808999913, -51.791924737999921 ], [ -60.363107876999948, -51.791924737999921 ], [ -60.357980923999946, -51.799981377999927 ], [ -60.360707160999937, -51.809340101999908 ], [ -60.379709438999953, -51.837497653999947 ], [ -60.367990688999953, -51.842217705999929 ], [ -60.338734503999945, -51.858575127999927 ], [ -60.337228969999899, -51.842380466999941 ], [ -60.329335089999915, -51.830010674999926 ], [ -60.315825975999928, -51.823418877999927 ], [ -60.29710852799991, -51.824476820999905 ], [ -60.308990037999934, -51.809747002999927 ], [ -60.312652147999927, -51.798272393999923 ], [ -60.31078040299991, -51.765801690999922 ], [ -60.306996222999942, -51.756442966999941 ], [ -60.297759568999936, -51.750420830999929 ], [ -60.286366339999915, -51.747979424999926 ], [ -60.27603105399993, -51.748711846999925 ], [ -60.269439256999931, -51.753350518999923 ], [ -60.262318488999938, -51.769301039999903 ], [ -60.25617428299995, -51.77662525799991 ], [ -60.249338344999899, -51.775567315999922 ], [ -60.240223761999914, -51.77076588299991 ], [ -60.232289191999939, -51.769707940999922 ], [ -60.228871222999942, -51.779880466999941 ], [ -60.224517381999931, -51.78248463299991 ], [ -60.214711066999939, -51.778497002999927 ], [ -60.184071417999917, -51.761163018999923 ], [ -60.181223110999952, -51.742771091999941 ], [ -60.182362433999913, -51.721856377999927 ], [ -60.180409308999913, -51.707207940999922 ], [ -60.207183397999927, -51.701348565999922 ], [ -60.231841600999928, -51.704685153999947 ], [ -60.255686001999948, -51.711114190999922 ], [ -60.279774542999917, -51.714613539999903 ], [ -60.338449673999946, -51.709161065999922 ], [ -60.364003058999913, -51.71412525799991 ], [ -60.357980923999946, -51.735039971999925 ], [ -60.365956183999913, -51.746514580999929 ], [ -60.37328040299991, -51.746514580999929 ], [ -60.381703253999945, -51.742364190999922 ], [ -60.392689581999946, -51.741306247999944 ], [ -60.437570766999954, -51.759535414999903 ], [ -60.451039191999939, -51.762383721999925 ], [ -60.496083136999914, -51.762383721999925 ], [ -60.510161912999934, -51.765883070999905 ], [ -60.517730272999927, -51.774102471999925 ], [ -60.523060675999943, -51.783135674999926 ], [ -60.530506964999915, -51.789727471999925 ], [ -60.550648566999939, -51.789808851999908 ], [ -60.560902472999942, -51.774997653999947 ], [ -60.570383266999954, -51.757256768999923 ], [ -60.588246222999942, -51.748711846999925 ], [ -60.610178188999953, -51.742771091999941 ], [ -60.628977016999954, -51.727471612999921 ], [ -60.640126105999911, -51.707289320999905 ], [ -60.639068162999934, -51.686700127999927 ], [ -60.624989386999914, -51.66961028399993 ], [ -60.608876105999911, -51.671482028999947 ], [ -60.589995897999927, -51.68092213299991 ], [ -60.490101691999939, -51.700372002999927 ], [ -60.46157792899993, -51.700941664999903 ], [ -60.437977667999917, -51.694268487999921 ], [ -60.391997850999928, -51.671644789999903 ], [ -60.368804490999935, -51.666761976999908 ], [ -60.289947068999936, -51.671807549999926 ], [ -60.219593878999945, -51.654229424999926 ], [ -60.198841925999943, -51.656426690999922 ], [ -60.156971808999913, -51.682793877999927 ], [ -60.13312740799995, -51.689873955999929 ], [ -60.077381964999915, -51.693536065999922 ], [ -60.091949022999927, -51.674981377999927 ], [ -60.116037563999953, -51.664727471999925 ], [ -60.143869594999899, -51.660332940999922 ], [ -60.169911261999914, -51.659356377999927 ], [ -60.189808722999942, -51.653252862999921 ], [ -60.248768683999913, -51.611586195999905 ], [ -60.259388800999943, -51.607679945999905 ], [ -60.27961178299995, -51.60279713299991 ], [ -60.290272589999915, -51.59734465899993 ], [ -60.317616339999915, -51.570570570999905 ], [ -60.343576626999948, -51.568780205999929 ], [ -60.490386522999927, -51.526462497999944 ], [ -60.502552863999938, -51.519138278999947 ], [ -60.513050910999937, -51.498467705999929 ], [ -60.515288865999935, -51.486504815999922 ], [ -60.505970831999946, -51.481215101999908 ], [ -60.447336391999954, -51.481215101999908 ], [ -60.399240688999953, -51.489190362999921 ], [ -60.388783331999946, -51.484470309999949 ], [ -60.402943488999938, -51.46412525799991 ], [ -60.423491990999935, -51.450616143999923 ], [ -60.450103318999936, -51.441501559999949 ], [ -60.478016730999911, -51.435723565999922 ], [ -60.516102667999917, -51.432549737999921 ], [ -60.543771938999953, -51.434014580999929 ], [ -60.557199673999946, -51.432793877999927 ], [ -60.58853105399993, -51.421482028999947 ], [ -60.602162238999938, -51.419691664999903 ], [ -60.612049933999913, -51.417413018999923 ], [ -60.623199022999927, -51.41139088299991 ], [ -60.630726691999939, -51.40357838299991 ], [ -60.629505988999938, -51.395928643999923 ], [ -60.625843878999945, -51.385023695999905 ], [ -60.630970831999946, -51.372979424999926 ], [ -60.645985480999911, -51.351495049999926 ], [ -60.634673631999931, -51.352227471999925 ], [ -60.624256964999915, -51.351657809999949 ], [ -60.614613410999937, -51.349053643999923 ], [ -60.605580206999946, -51.344008070999905 ], [ -60.572661912999934, -51.358168226999908 ], [ -60.46157792899993, -51.385674737999921 ], [ -60.426747199999909, -51.399102471999925 ], [ -60.32445227799991, -51.453301690999922 ], [ -60.242909308999913, -51.478936455999929 ], [ -60.153146938999953, -51.487481377999927 ], [ -59.988636847999942, -51.467543226999908 ], [ -60.012684699999909, -51.449883721999925 ], [ -60.083607550999943, -51.445977471999925 ], [ -60.074045376999948, -51.423272393999923 ], [ -60.053089972999942, -51.40593840899993 ], [ -60.02961178299995, -51.392510674999926 ], [ -60.024037238999938, -51.379327080999929 ], [ -60.017486131999931, -51.375176690999922 ], [ -60.005726691999939, -51.382256768999923 ], [ -60.002064581999946, -51.38836028399993 ], [ -59.994862433999913, -51.413506768999923 ], [ -59.934437628999945, -51.381768487999921 ], [ -59.901478644999941, -51.372816664999903 ], [ -59.871937628999945, -51.378838799999926 ], [ -59.871937628999945, -51.385674737999921 ], [ -59.87759355399993, -51.388848565999922 ], [ -59.880441860999952, -51.392022393999923 ], [ -59.882435675999943, -51.395603122999944 ], [ -59.885609503999945, -51.399346612999921 ], [ -59.791615363999938, -51.410577080999929 ], [ -59.762074347999942, -51.419691664999903 ], [ -59.777902798999946, -51.424574476999908 ], [ -59.794789191999939, -51.426690362999921 ], [ -59.83039303299995, -51.426690362999921 ], [ -59.801828579999949, -51.447035414999903 ], [ -59.748524542999917, -51.447035414999903 ], [ -59.560373501999948, -51.419691664999903 ], [ -59.542551235999952, -51.415134372999944 ], [ -59.508859829999949, -51.395684502999927 ], [ -59.488392706999946, -51.392510674999926 ], [ -59.488392706999946, -51.399346612999921 ], [ -59.558745897999927, -51.43132903399993 ], [ -59.584584113999938, -51.439629815999922 ], [ -59.53929602799991, -51.455743096999925 ], [ -59.491322394999941, -51.456231377999927 ], [ -59.39281165299991, -51.432793877999927 ], [ -59.399647589999915, -51.423435153999947 ], [ -59.411610480999911, -51.414808851999908 ], [ -59.425363735999952, -51.408461195999905 ], [ -59.437489386999914, -51.406019789999903 ], [ -59.443959113999938, -51.400323174999926 ], [ -59.444569464999915, -51.370863539999903 ], [ -59.447377081999946, -51.358330987999921 ], [ -59.438954230999911, -51.358982028999947 ], [ -59.421620245999918, -51.357598565999922 ], [ -59.413238084999932, -51.358330987999921 ], [ -59.415109829999949, -51.353773695999905 ], [ -59.417632615999935, -51.342461846999925 ], [ -59.419504360999952, -51.337823174999926 ], [ -59.405262824999909, -51.337660414999903 ], [ -59.387074347999942, -51.340101820999905 ], [ -59.371490037999934, -51.345635674999926 ], [ -59.364857550999943, -51.354913018999923 ], [ -59.357329881999931, -51.361423434999949 ], [ -59.255970831999946, -51.387383721999925 ], [ -59.229074673999946, -51.399102471999925 ], [ -59.214019334999932, -51.413506768999923 ], [ -59.256906704999949, -51.412041924999926 ], [ -59.274484829999949, -51.417168877999927 ], [ -59.282866990999935, -51.432793877999927 ], [ -59.279164191999939, -51.447849216999941 ], [ -59.266346808999913, -51.448418877999927 ], [ -59.249867316999939, -51.444919528999947 ], [ -59.235178188999953, -51.447035414999903 ], [ -59.261830206999946, -51.456963799999926 ], [ -59.308216925999943, -51.490004164999903 ], [ -59.331369594999899, -51.501722914999903 ], [ -59.338002081999946, -51.490655205999929 ], [ -59.348459438999953, -51.487074476999908 ], [ -59.360585089999915, -51.489190362999921 ], [ -59.372303839999915, -51.494886976999908 ], [ -59.372303839999915, -51.501722914999903 ], [ -59.368641730999911, -51.507012627999927 ], [ -59.369862433999913, -51.512872002999927 ], [ -59.378529425999943, -51.52898528399993 ], [ -59.37140865799995, -51.526299737999921 ], [ -59.350575324999909, -51.52271900799991 ], [ -59.350575324999909, -51.52898528399993 ], [ -59.382232225999928, -51.556898695999905 ], [ -59.385812954999949, -51.563246351999908 ], [ -59.389068162999934, -51.590997002999927 ], [ -59.396148240999935, -51.59734465899993 ], [ -59.40851803299995, -51.601820570999905 ], [ -59.433176235999952, -51.621351820999905 ], [ -59.447377081999946, -51.625176690999922 ], [ -59.458607550999943, -51.621189059999949 ], [ -59.464100714999915, -51.612481377999927 ], [ -59.464507615999935, -51.601657809999949 ], [ -59.460438605999911, -51.59107838299991 ], [ -59.491566535999937, -51.614434502999927 ], [ -59.508615688999953, -51.623142184999949 ], [ -59.522531704999949, -51.618340752999927 ], [ -59.577137824999909, -51.652520440999922 ], [ -59.549427863999938, -51.651136976999908 ], [ -59.553578253999945, -51.662041924999926 ], [ -59.588002081999946, -51.690118096999925 ], [ -59.632394985999952, -51.741306247999944 ] ] ], [ [ [ -59.899281378999945, -51.303643487999921 ], [ -59.913807745999918, -51.309502862999921 ], [ -59.920318162999934, -51.309991143999923 ], [ -59.920318162999934, -51.317478122999944 ], [ -59.90648352799991, -51.329196872999944 ], [ -59.918039516999954, -51.338962497999944 ], [ -59.940988735999952, -51.344496351999908 ], [ -59.961333787999934, -51.344008070999905 ], [ -59.980865037999934, -51.336358330999929 ], [ -59.998199022999927, -51.325127862999921 ], [ -60.012521938999953, -51.311455987999921 ], [ -60.022816535999937, -51.29615650799991 ], [ -59.975738084999932, -51.286879164999903 ], [ -59.960316535999937, -51.28679778399993 ], [ -59.944935675999943, -51.289483330999929 ], [ -59.905873175999943, -51.303399346999925 ], [ -59.899281378999945, -51.303643487999921 ] ] ], [ [ [ -60.169911261999914, -51.392510674999926 ], [ -60.241281704999949, -51.401136976999908 ], [ -60.25609290299991, -51.399590752999927 ], [ -60.274403449999909, -51.394463799999926 ], [ -60.288685675999943, -51.385186455999929 ], [ -60.291493292999917, -51.371677341999941 ], [ -60.277455206999946, -51.357354424999926 ], [ -60.252756313999953, -51.349053643999923 ], [ -60.204660610999952, -51.344008070999905 ], [ -60.19367428299995, -51.348402601999908 ], [ -60.173451300999943, -51.367608330999929 ], [ -60.163075324999909, -51.372002862999921 ], [ -60.148304816999939, -51.371270440999922 ], [ -60.13540605399993, -51.369073174999926 ], [ -60.123443162999934, -51.364841403999947 ], [ -60.11156165299991, -51.358330987999921 ], [ -60.129709438999953, -51.347263278999947 ], [ -60.184559699999909, -51.327569268999923 ], [ -60.22297115799995, -51.319919528999947 ], [ -60.269886847999942, -51.298272393999923 ], [ -60.28351803299995, -51.289483330999929 ], [ -60.299794074999909, -51.274997653999947 ], [ -60.300892706999946, -51.268243096999925 ], [ -60.290272589999915, -51.262139580999929 ], [ -60.273915167999917, -51.260918877999927 ], [ -60.264963344999899, -51.267347914999903 ], [ -60.259144660999937, -51.277276299999926 ], [ -60.252430792999917, -51.286309502999927 ], [ -60.231800910999937, -51.297295830999929 ], [ -60.205799933999913, -51.302911065999922 ], [ -60.178293423999946, -51.304782809999949 ], [ -60.153146938999953, -51.303643487999921 ], [ -60.099191860999952, -51.295586846999925 ], [ -60.074289516999954, -51.299981377999927 ], [ -60.063710089999915, -51.320733330999929 ], [ -60.05923417899993, -51.324883721999925 ], [ -60.051503058999913, -51.335544528999947 ], [ -60.04914303299995, -51.346449476999908 ], [ -60.060658331999946, -51.351495049999926 ], [ -60.098500128999945, -51.378838799999926 ], [ -60.114165818999936, -51.401950778999947 ], [ -60.119007941999939, -51.406019789999903 ], [ -60.129383917999917, -51.405450127999927 ], [ -60.158355272999927, -51.395114841999941 ], [ -60.169911261999914, -51.392510674999926 ] ] ], [ [ [ -57.816232876999948, -51.693536065999922 ], [ -57.776437954999949, -51.684665622999944 ], [ -57.756906704999949, -51.683038018999923 ], [ -57.734283006999931, -51.686700127999927 ], [ -57.734283006999931, -51.693536065999922 ], [ -57.76235917899993, -51.69500090899993 ], [ -57.863840298999946, -51.72625090899993 ], [ -57.884429490999935, -51.728692315999922 ], [ -57.952300584999932, -51.729587497999944 ], [ -57.965565558999913, -51.732598565999922 ], [ -57.966420050999943, -51.740329684999949 ], [ -57.979115363999938, -51.747491143999923 ], [ -57.99242102799991, -51.751071872999944 ], [ -58.144398566999939, -51.762302341999941 ], [ -58.222035285999937, -51.754571221999925 ], [ -58.261301235999952, -51.75554778399993 ], [ -58.261301235999952, -51.762383721999925 ], [ -58.249012824999909, -51.763929945999905 ], [ -58.214100714999915, -51.77662525799991 ], [ -58.197621222999942, -51.780368747999944 ], [ -58.14517167899993, -51.78289153399993 ], [ -58.14517167899993, -51.789727471999925 ], [ -58.173207160999937, -51.795098565999922 ], [ -58.232167120999918, -51.792738539999903 ], [ -58.261301235999952, -51.79656340899993 ], [ -58.330637173999946, -51.823825778999947 ], [ -58.357492641999954, -51.824476820999905 ], [ -58.335926886999914, -51.830987237999921 ], [ -58.315337693999936, -51.830010674999926 ], [ -58.253163214999915, -51.811130466999941 ], [ -58.186146613999938, -51.810804945999905 ], [ -58.19985917899993, -51.822035414999903 ], [ -58.224964972999942, -51.833184502999927 ], [ -58.25226803299995, -51.841566664999903 ], [ -58.295033331999946, -51.84929778399993 ], [ -58.371164516999954, -51.879082940999922 ], [ -58.419056769999941, -51.892185153999947 ], [ -58.511219855999911, -51.882989190999922 ], [ -58.562896287999934, -51.885349216999941 ], [ -58.598947719999899, -51.892754815999922 ], [ -58.757801886999914, -51.891289971999925 ], [ -58.782093878999945, -51.885349216999941 ], [ -58.816151495999918, -51.865411065999922 ], [ -58.862416144999941, -51.854587497999944 ], [ -58.884673631999931, -51.842543226999908 ], [ -58.906239386999914, -51.835137627999927 ], [ -58.916371222999942, -51.827894789999903 ], [ -58.921376105999911, -51.819431247999944 ], [ -58.925038214999915, -51.809177341999941 ], [ -58.930409308999913, -51.800551039999903 ], [ -58.940297003999945, -51.79656340899993 ], [ -58.952788865999935, -51.80242278399993 ], [ -58.963734503999945, -51.816501559999949 ], [ -58.971506313999953, -51.83171965899993 ], [ -58.974436001999948, -51.841241143999923 ], [ -58.969105597999942, -51.853773695999905 ], [ -58.955962693999936, -51.865980726999908 ], [ -58.939116990999935, -51.875420830999929 ], [ -58.892567511999914, -51.884372653999947 ], [ -58.852162238999938, -51.897556247999944 ], [ -58.815500454999949, -51.91529713299991 ], [ -58.796294725999928, -51.934340101999908 ], [ -58.810414191999939, -51.951918226999908 ], [ -58.784169074999909, -51.957126559999949 ], [ -58.727406378999945, -51.947360934999949 ], [ -58.698475714999915, -51.94850025799991 ], [ -58.660715298999946, -51.955010674999926 ], [ -58.632313605999911, -51.967950127999927 ], [ -58.631825324999909, -51.988376559999949 ], [ -58.604481574999909, -52.002048434999949 ], [ -58.65648352799991, -52.024021091999941 ], [ -58.672840949999909, -52.036228122999944 ], [ -58.661122199999909, -52.043145440999922 ], [ -58.653879360999952, -52.052178643999923 ], [ -58.649281378999945, -52.063571872999944 ], [ -58.640777147999927, -52.097751559999949 ], [ -58.641224738999938, -52.107842705999929 ], [ -58.648915167999917, -52.111423434999949 ], [ -58.665923631999931, -52.111911716999941 ], [ -58.675119594999899, -52.10711028399993 ], [ -58.706288214999915, -52.070245049999926 ], [ -58.717762824999909, -52.059747002999927 ], [ -58.729400193999936, -52.051039320999905 ], [ -58.743478969999899, -52.045098565999922 ], [ -58.761830206999946, -52.043064059999949 ], [ -58.770741339999915, -52.040948174999926 ], [ -58.782785610999952, -52.031914971999925 ], [ -58.789173956999946, -52.029961846999925 ], [ -58.795277472999942, -52.031914971999925 ], [ -58.797922329999949, -52.03639088299991 ], [ -58.802113410999937, -52.040948174999926 ], [ -58.813099738999938, -52.043064059999949 ], [ -58.821888800999943, -52.041924737999921 ], [ -58.836537238999938, -52.037204684999949 ], [ -58.844105597999942, -52.036228122999944 ], [ -58.857085740999935, -52.039646091999941 ], [ -58.856434699999909, -52.047458591999941 ], [ -58.851185675999943, -52.056817315999922 ], [ -58.850941535999937, -52.064060153999947 ], [ -58.864491339999915, -52.073174737999921 ], [ -58.895619269999941, -52.085137627999927 ], [ -58.909291144999941, -52.094414971999925 ], [ -58.925770636999914, -52.101657809999949 ], [ -58.936268683999913, -52.090020440999922 ], [ -58.947743292999917, -52.056573174999926 ], [ -58.968576626999948, -52.070977471999925 ], [ -58.979888475999928, -52.062595309999949 ], [ -58.98696855399993, -52.044528903999947 ], [ -58.994943813999953, -52.029961846999925 ], [ -59.016509568999936, -52.02312590899993 ], [ -59.038644985999952, -52.026543877999927 ], [ -59.055897589999915, -52.026299737999921 ], [ -59.063221808999913, -52.008884372999944 ], [ -59.081369594999899, -52.01490650799991 ], [ -59.096180792999917, -52.012139580999929 ], [ -59.12531490799995, -51.994561455999929 ], [ -59.132679816999939, -51.987074476999908 ], [ -59.138295050999943, -51.983330987999921 ], [ -59.145741339999915, -51.98211028399993 ], [ -59.157785610999952, -51.985284112999921 ], [ -59.16234290299991, -51.990411065999922 ], [ -59.165435350999928, -51.996351820999905 ], [ -59.173085089999915, -52.002048434999949 ], [ -59.187408006999931, -52.006524346999925 ], [ -59.200266079999949, -52.007582289999903 ], [ -59.21312415299991, -52.005791924999926 ], [ -59.227650519999941, -52.002048434999949 ], [ -59.23656165299991, -51.998142184999949 ], [ -59.243234829999949, -51.99342213299991 ], [ -59.250843878999945, -51.989841403999947 ], [ -59.262440558999913, -51.988376559999949 ], [ -59.269602016999954, -51.990492445999905 ], [ -59.284250454999949, -51.999769789999903 ], [ -59.292836066999939, -52.002048434999949 ], [ -59.303293423999946, -52.007907809999949 ], [ -59.29751542899993, -52.01921965899993 ], [ -59.282582160999937, -52.026136976999908 ], [ -59.253081834999932, -52.014336846999925 ], [ -59.200672980999911, -52.022556247999944 ], [ -59.186024542999917, -52.02898528399993 ], [ -59.184071417999917, -52.043226820999905 ], [ -59.184478318999936, -52.057549737999921 ], [ -59.176828579999949, -52.064060153999947 ], [ -59.157134568999936, -52.06178150799991 ], [ -59.143625454999949, -52.058038018999923 ], [ -59.130360480999911, -52.057224216999941 ], [ -59.11164303299995, -52.064060153999947 ], [ -59.145741339999915, -52.090752862999921 ], [ -59.109445766999954, -52.089288018999923 ], [ -59.091664191999939, -52.091241143999923 ], [ -59.07681230399993, -52.098239841999941 ], [ -59.093617316999939, -52.108086846999925 ], [ -59.132557745999918, -52.117933851999908 ], [ -59.145741339999915, -52.125583591999941 ], [ -59.153431769999941, -52.14421965899993 ], [ -59.13890540299991, -52.150160414999903 ], [ -59.115793423999946, -52.148858330999929 ], [ -59.058461066999939, -52.136488539999903 ], [ -59.038889126999948, -52.135837497999944 ], [ -59.035878058999913, -52.145928643999923 ], [ -59.046498175999943, -52.154392184999949 ], [ -59.09797115799995, -52.173923434999949 ], [ -59.085316535999937, -52.187107028999947 ], [ -59.062652147999927, -52.199314059999949 ], [ -59.048980272999927, -52.212497653999947 ], [ -59.063221808999913, -52.228610934999949 ], [ -59.084706183999913, -52.231540622999944 ], [ -59.109527147999927, -52.225030205999929 ], [ -59.15257727799991, -52.208103122999944 ], [ -59.178700324999909, -52.206149997999944 ], [ -59.201283331999946, -52.208591403999947 ], [ -59.221669074999909, -52.207207940999922 ], [ -59.241322394999941, -52.193780205999929 ], [ -59.246449347999942, -52.185153903999947 ], [ -59.24868730399993, -52.176853122999944 ], [ -59.252512173999946, -52.168552341999941 ], [ -59.262440558999913, -52.159600518999923 ], [ -59.274037238999938, -52.155368747999944 ], [ -59.286203579999949, -52.15357838299991 ], [ -59.298166469999899, -52.14967213299991 ], [ -59.309559699999909, -52.139092705999929 ], [ -59.326893683999913, -52.143975518999923 ], [ -59.366851365999935, -52.115166924999926 ], [ -59.385975714999915, -52.111911716999941 ], [ -59.390248175999943, -52.118096612999921 ], [ -59.394683397999927, -52.129978122999944 ], [ -59.399647589999915, -52.149509372999944 ], [ -59.404855923999946, -52.15593840899993 ], [ -59.41633053299995, -52.149102471999925 ], [ -59.433745897999927, -52.132419528999947 ], [ -59.456044074999909, -52.142185153999947 ], [ -59.446359829999949, -52.159926039999903 ], [ -59.413238084999932, -52.186944268999923 ], [ -59.416981574999909, -52.18678150799991 ], [ -59.423939581999946, -52.192966403999947 ], [ -59.430775519999941, -52.202080987999921 ], [ -59.433745897999927, -52.211195570999905 ], [ -59.428578253999945, -52.217950127999927 ], [ -59.416493292999917, -52.220310153999947 ], [ -59.39281165299991, -52.221774997999944 ], [ -59.368072068999936, -52.230726820999905 ], [ -59.352162238999938, -52.242120049999926 ], [ -59.34593665299991, -52.256931247999944 ], [ -59.350575324999909, -52.276299737999921 ], [ -59.356678839999915, -52.279961846999925 ], [ -59.368397589999915, -52.289320570999905 ], [ -59.373890753999945, -52.299086195999905 ], [ -59.361439581999946, -52.303643487999921 ], [ -59.359242316999939, -52.307549737999921 ], [ -59.336781378999945, -52.322930596999925 ], [ -59.331369594999899, -52.324151299999926 ], [ -59.338937954999949, -52.341729424999926 ], [ -59.358957485999952, -52.335707289999903 ], [ -59.39281165299991, -52.310479424999926 ], [ -59.415842251999948, -52.30201588299991 ], [ -59.466704881999931, -52.295668226999908 ], [ -59.488392706999946, -52.283786716999941 ], [ -59.484445766999954, -52.264418226999908 ], [ -59.496815558999913, -52.252048434999949 ], [ -59.516835089999915, -52.245049737999921 ], [ -59.56281490799995, -52.237888278999947 ], [ -59.580189581999946, -52.229668877999927 ], [ -59.580637173999946, -52.217217705999929 ], [ -59.556630011999914, -52.200616143999923 ], [ -59.573597785999937, -52.195082289999903 ], [ -59.608021613999938, -52.202243747999944 ], [ -59.622181769999941, -52.197198174999926 ], [ -59.624623175999943, -52.191582940999922 ], [ -59.623931443999936, -52.178643487999921 ], [ -59.625559048999946, -52.173923434999949 ], [ -59.656849738999938, -52.151950778999947 ], [ -59.693837042999917, -52.134535414999903 ], [ -59.70335852799991, -52.128350518999923 ], [ -59.714426235999952, -52.118747653999947 ], [ -59.721547003999945, -52.107598565999922 ], [ -59.719349738999938, -52.096856377999927 ], [ -59.712554490999935, -52.09343840899993 ], [ -59.703846808999913, -52.094333591999941 ], [ -59.694976365999935, -52.097426039999903 ], [ -59.687977667999917, -52.101006768999923 ], [ -59.666981574999909, -52.115899346999925 ], [ -59.659657355999911, -52.118747653999947 ], [ -59.641224738999938, -52.117933851999908 ], [ -59.628285285999937, -52.11060963299991 ], [ -59.625965949999909, -52.09889088299991 ], [ -59.639230923999946, -52.084567966999941 ], [ -59.598011847999942, -52.079196872999944 ], [ -59.579660610999952, -52.071384372999944 ], [ -59.570301886999914, -52.056573174999926 ], [ -59.588246222999942, -52.051202080999929 ], [ -59.608225063999953, -52.041924737999921 ], [ -59.624745245999918, -52.029880466999941 ], [ -59.632394985999952, -52.015720309999949 ], [ -59.63117428299995, -52.006768487999921 ], [ -59.626128709999932, -52.002618096999925 ], [ -59.618234829999949, -52.004001559999949 ], [ -59.608143683999913, -52.012302341999941 ], [ -59.598500128999945, -52.016371351999908 ], [ -59.583973761999914, -52.017185153999947 ], [ -59.556630011999914, -52.015720309999949 ], [ -59.572336391999954, -51.996189059999949 ], [ -59.580474412999934, -51.989027601999908 ], [ -59.591420050999943, -51.98211028399993 ], [ -59.574777798999946, -51.976983330999929 ], [ -59.539173956999946, -51.973321221999925 ], [ -59.522531704999949, -51.96843840899993 ], [ -59.522531704999949, -51.961032809999949 ], [ -59.578602667999917, -51.951267184999949 ], [ -59.604725714999915, -51.940524997999944 ], [ -59.605091925999943, -51.920668226999908 ], [ -59.581288214999915, -51.911309502999927 ], [ -59.548207160999937, -51.918877862999921 ], [ -59.51431230399993, -51.930840752999927 ], [ -59.488392706999946, -51.934340101999908 ], [ -59.467396613999938, -51.922133070999905 ], [ -59.482248501999948, -51.909763278999947 ], [ -59.508656378999945, -51.897393487999921 ], [ -59.522531704999949, -51.885349216999941 ], [ -59.516672329999949, -51.87428150799991 ], [ -59.503773566999939, -51.873630466999941 ], [ -59.488352016999954, -51.875583591999941 ], [ -59.474720831999946, -51.872247002999927 ], [ -59.468495245999918, -51.864027601999908 ], [ -59.468902147999927, -51.855238539999903 ], [ -59.475656704999949, -51.848321221999925 ], [ -59.488392706999946, -51.844903252999927 ], [ -59.471058722999942, -51.838067315999922 ], [ -59.396148240999935, -51.820733330999929 ], [ -59.376088019999941, -51.832940362999921 ], [ -59.363758917999917, -51.822360934999949 ], [ -59.350575324999909, -51.77662525799991 ], [ -59.334868943999936, -51.786553643999923 ], [ -59.318755662999934, -51.788506768999923 ], [ -59.282866990999935, -51.78289153399993 ], [ -59.299794074999909, -51.759209893999923 ], [ -59.30337480399993, -51.748711846999925 ], [ -59.207183397999927, -51.707207940999922 ], [ -59.190541144999941, -51.720879815999922 ], [ -59.177642381999931, -51.714450778999947 ], [ -59.165028449999909, -51.700941664999903 ], [ -59.149159308999913, -51.693536065999922 ], [ -59.072824673999946, -51.684665622999944 ], [ -59.056385870999918, -51.686700127999927 ], [ -59.050648566999939, -51.694431247999944 ], [ -59.050445115999935, -51.703301690999922 ], [ -59.051665818999936, -51.712497653999947 ], [ -59.050160285999937, -51.721449476999908 ], [ -59.044789191999939, -51.728936455999929 ], [ -59.037953253999945, -51.73560963299991 ], [ -59.032093878999945, -51.742933851999908 ], [ -59.029652472999942, -51.752129815999922 ], [ -59.032582160999937, -51.761488539999903 ], [ -59.038075324999909, -51.770440362999921 ], [ -59.041900193999936, -51.778741143999923 ], [ -59.036122199999909, -51.793389580999929 ], [ -59.036773240999935, -51.801853122999944 ], [ -59.039540167999917, -51.81023528399993 ], [ -59.042713995999918, -51.817071221999925 ], [ -59.025949673999946, -51.812676690999922 ], [ -59.006743943999936, -51.809747002999927 ], [ -58.990101691999939, -51.803643487999921 ], [ -58.981271938999953, -51.789727471999925 ], [ -58.985991990999935, -51.775323174999926 ], [ -58.998036261999914, -51.757989190999922 ], [ -59.007557745999918, -51.740004164999903 ], [ -59.003895636999914, -51.713636976999908 ], [ -59.016957160999937, -51.705336195999905 ], [ -59.028309699999909, -51.693780205999929 ], [ -59.022206183999913, -51.673028252999927 ], [ -59.013335740999935, -51.667901299999926 ], [ -59.001942511999914, -51.666924737999921 ], [ -58.992258266999954, -51.664646091999941 ], [ -58.988107876999948, -51.65593840899993 ], [ -58.991200324999909, -51.646579684999949 ], [ -58.999134894999941, -51.645603122999944 ], [ -59.009144660999937, -51.646416924999926 ], [ -59.030100063999953, -51.638604424999926 ], [ -59.100697394999941, -51.621758721999925 ], [ -59.145741339999915, -51.59734465899993 ], [ -59.167836066999939, -51.573663018999923 ], [ -59.150054490999935, -51.556817315999922 ], [ -59.121652798999946, -51.536228122999944 ], [ -59.11164303299995, -51.501722914999903 ], [ -59.060943162999934, -51.562758070999905 ], [ -59.029123501999948, -51.583916924999926 ], [ -59.007964647999927, -51.556898695999905 ], [ -59.034575975999928, -51.533623955999929 ], [ -59.041127081999946, -51.510837497999944 ], [ -59.026112433999913, -51.498955987999921 ], [ -58.988107876999948, -51.508477471999925 ], [ -59.014271613999938, -51.491794528999947 ], [ -59.105376756999931, -51.465752862999921 ], [ -59.12531490799995, -51.456963799999926 ], [ -59.121693488999938, -51.441827080999929 ], [ -59.112172003999945, -51.425713799999926 ], [ -59.099029100999928, -51.412530205999929 ], [ -59.08429928299995, -51.406019789999903 ], [ -59.078195766999954, -51.407810153999947 ], [ -59.058501756999931, -51.417087497999944 ], [ -59.050160285999937, -51.419691664999903 ], [ -59.037709113999938, -51.419854424999926 ], [ -59.004872199999909, -51.413506768999923 ], [ -58.996164516999954, -51.409274997999944 ], [ -58.991078253999945, -51.399590752999927 ], [ -58.987782355999911, -51.38990650799991 ], [ -58.98468990799995, -51.385674737999921 ], [ -58.917062954999949, -51.38445403399993 ], [ -58.893462693999936, -51.380059502999927 ], [ -58.873605923999946, -51.371758721999925 ], [ -58.864613410999937, -51.358330987999921 ], [ -58.870472785999937, -51.344659112999921 ], [ -58.899037238999938, -51.31804778399993 ], [ -58.909575975999928, -51.300713799999926 ], [ -58.918934699999909, -51.292901299999926 ], [ -58.929514126999948, -51.286065362999921 ], [ -58.936879035999937, -51.283298434999949 ], [ -58.941761847999942, -51.278903903999947 ], [ -58.953968878999945, -51.248467705999929 ], [ -58.932769334999932, -51.253838799999926 ], [ -58.900868292999917, -51.277764580999929 ], [ -58.885650193999936, -51.283298434999949 ], [ -58.863677537999934, -51.285251559999949 ], [ -58.816477016999954, -51.296644789999903 ], [ -58.733509894999941, -51.328301690999922 ], [ -58.710031704999949, -51.330987237999921 ], [ -58.659087693999936, -51.330987237999921 ], [ -58.647613084999932, -51.334161065999922 ], [ -58.637603318999936, -51.339288018999923 ], [ -58.626454230999911, -51.34343840899993 ], [ -58.611398891999954, -51.344008070999905 ], [ -58.611398891999954, -51.337823174999926 ], [ -58.615142381999931, -51.32545338299991 ], [ -58.59992428299995, -51.314629815999922 ], [ -58.576527472999942, -51.306735934999949 ], [ -58.481434699999909, -51.300957940999922 ], [ -58.463937954999949, -51.306817315999922 ], [ -58.447377081999946, -51.315199476999908 ], [ -58.406605597999942, -51.323825778999947 ], [ -58.388824022999927, -51.334405205999929 ], [ -58.343617316999939, -51.36842213299991 ], [ -58.337025519999941, -51.382256768999923 ], [ -58.333363410999937, -51.402520440999922 ], [ -58.329090949999909, -51.416273695999905 ], [ -58.333811001999948, -51.427504164999903 ], [ -58.357492641999954, -51.439629815999922 ], [ -58.377023891999954, -51.445082289999903 ], [ -58.402902798999946, -51.449395440999922 ], [ -58.428334113999938, -51.450616143999923 ], [ -58.446888800999943, -51.447035414999903 ], [ -58.456695115999935, -51.435642184999949 ], [ -58.473459438999953, -51.40162525799991 ], [ -58.487863735999952, -51.392510674999926 ], [ -58.504750128999945, -51.395277601999908 ], [ -58.520741339999915, -51.406426690999922 ], [ -58.549224412999934, -51.432793877999927 ], [ -58.515451626999948, -51.433363539999903 ], [ -58.509348110999952, -51.446872653999947 ], [ -58.521962042999917, -51.491143487999921 ], [ -58.508900519999941, -51.498223565999922 ], [ -58.445464647999927, -51.47625090899993 ], [ -58.422352667999917, -51.47779713299991 ], [ -58.417958136999914, -51.488213799999926 ], [ -58.419667120999918, -51.500909112999921 ], [ -58.423573370999918, -51.514092705999929 ], [ -58.425770636999914, -51.525974216999941 ], [ -58.424672003999945, -51.543226820999905 ], [ -58.421213344999899, -51.549411716999941 ], [ -58.405913865999935, -51.549493096999925 ], [ -58.402007615999935, -51.547946872999944 ], [ -58.395008917999917, -51.538669528999947 ], [ -58.388824022999927, -51.536553643999923 ], [ -58.384673631999931, -51.539646091999941 ], [ -58.378407355999911, -51.554457289999903 ], [ -58.374867316999939, -51.560153903999947 ], [ -58.361439581999946, -51.56568775799991 ], [ -58.345611131999931, -51.565118096999925 ], [ -58.331654425999943, -51.559340101999908 ], [ -58.323963995999918, -51.549493096999925 ], [ -58.30296790299991, -51.557305596999925 ], [ -58.290394660999937, -51.567559502999927 ], [ -58.284047003999945, -51.581638278999947 ], [ -58.282378709999932, -51.601006768999923 ], [ -58.276478644999941, -51.61451588299991 ], [ -58.26235917899993, -51.631605726999908 ], [ -58.245350714999915, -51.646416924999926 ], [ -58.230865037999934, -51.652520440999922 ], [ -58.213368292999917, -51.646091403999947 ], [ -58.221587693999936, -51.631117445999905 ], [ -58.247629360999952, -51.60475025799991 ], [ -58.236927863999938, -51.592543226999908 ], [ -58.215402798999946, -51.595310153999947 ], [ -58.17251542899993, -51.611586195999905 ], [ -58.17992102799991, -51.588067315999922 ], [ -58.203968878999945, -51.578057549999926 ], [ -58.229562954999949, -51.571872653999947 ], [ -58.241444464999915, -51.560153903999947 ], [ -58.23468990799995, -51.552829684999949 ], [ -58.221424933999913, -51.54656340899993 ], [ -58.212228969999899, -51.538506768999923 ], [ -58.217193162999934, -51.525974216999941 ], [ -58.230051235999952, -51.521579684999949 ], [ -58.260609503999945, -51.530450127999927 ], [ -58.275502081999946, -51.52898528399993 ], [ -58.28547115799995, -51.521091403999947 ], [ -58.286366339999915, -51.513441664999903 ], [ -58.285308397999927, -51.50514088299991 ], [ -58.289173956999946, -51.494886976999908 ], [ -58.293934699999909, -51.489353122999944 ], [ -58.30101477799991, -51.483086846999925 ], [ -58.307484503999945, -51.481866143999923 ], [ -58.310292120999918, -51.491143487999921 ], [ -58.314361131999931, -51.500746351999908 ], [ -58.324208136999914, -51.506036065999922 ], [ -58.336537238999938, -51.508233330999929 ], [ -58.347808397999927, -51.508477471999925 ], [ -58.359364386999914, -51.504652601999908 ], [ -58.354644334999932, -51.49578215899993 ], [ -58.337025519999941, -51.481215101999908 ], [ -58.29124915299991, -51.422539971999925 ], [ -58.278960740999935, -51.413506768999923 ], [ -58.267689581999946, -51.410332940999922 ], [ -58.24087480399993, -51.395684502999927 ], [ -58.227447068999936, -51.392510674999926 ], [ -58.01789303299995, -51.382745049999926 ], [ -57.962880011999914, -51.371840101999908 ], [ -57.932932094999899, -51.372002862999921 ], [ -57.906402147999927, -51.37664153399993 ], [ -57.895253058999913, -51.382256768999923 ], [ -57.884510870999918, -51.392510674999926 ], [ -57.867583787999934, -51.433526299999926 ], [ -57.860951300999943, -51.439629815999922 ], [ -57.850412563999953, -51.444919528999947 ], [ -57.819650844999899, -51.47779713299991 ], [ -57.809071417999917, -51.484633070999905 ], [ -57.79515540299991, -51.489678643999923 ], [ -57.76781165299991, -51.494886976999908 ], [ -57.775990363999938, -51.504815362999921 ], [ -57.79515540299991, -51.512302341999941 ], [ -57.802601691999939, -51.52271900799991 ], [ -57.777088995999918, -51.522556247999944 ], [ -57.769154425999943, -51.531670830999929 ], [ -57.777943488999938, -51.543064059999949 ], [ -57.802601691999939, -51.549493096999925 ], [ -57.927235480999911, -51.538832289999903 ], [ -58.011341925999943, -51.507256768999923 ], [ -58.032093878999945, -51.504327080999929 ], [ -58.040882941999939, -51.512302341999941 ], [ -58.028553839999915, -51.536553643999923 ], [ -58.081939256999931, -51.522393487999921 ], [ -58.14517167899993, -51.54265715899993 ], [ -58.127512173999946, -51.561130466999941 ], [ -58.093820766999954, -51.576348565999922 ], [ -58.056711391999954, -51.586846612999921 ], [ -58.028553839999915, -51.59107838299991 ], [ -57.971058722999942, -51.582207940999922 ], [ -57.943104620999918, -51.59303150799991 ], [ -57.849680141999954, -51.599053643999923 ], [ -57.812326626999948, -51.605889580999929 ], [ -57.780995245999918, -51.619398695999905 ], [ -57.76781165299991, -51.64226653399993 ], [ -57.786203579999949, -51.655043226999908 ], [ -57.827748175999943, -51.664646091999941 ], [ -57.898793097999942, -51.673028252999927 ], [ -57.898793097999942, -51.680433851999908 ], [ -57.838693813999953, -51.694105726999908 ], [ -57.816232876999948, -51.693536065999922 ] ] ], [ [ [ -59.748402472999942, -51.283298434999949 ], [ -59.790516730999911, -51.27662525799991 ], [ -59.799956834999932, -51.273044528999947 ], [ -59.806630011999914, -51.264580987999921 ], [ -59.808745897999927, -51.255954684999949 ], [ -59.803863084999932, -51.24968840899993 ], [ -59.789418097999942, -51.248467705999929 ], [ -59.766753709999932, -51.241143487999921 ], [ -59.741200324999909, -51.246840101999908 ], [ -59.714995897999927, -51.256931247999944 ], [ -59.690744594999899, -51.262139580999929 ], [ -59.588002081999946, -51.255303643999923 ], [ -59.579172329999949, -51.256768487999921 ], [ -59.578480597999942, -51.260430596999925 ], [ -59.579823370999918, -51.265232028999947 ], [ -59.577137824999909, -51.270196221999925 ], [ -59.57054602799991, -51.27703215899993 ], [ -59.567250128999945, -51.283298434999949 ], [ -59.56118730399993, -51.287774346999925 ], [ -59.546457485999952, -51.289483330999929 ], [ -59.539540167999917, -51.28679778399993 ], [ -59.535227016999954, -51.28053150799991 ], [ -59.532297329999949, -51.274102471999925 ], [ -59.529367641999954, -51.270196221999925 ], [ -59.519154425999943, -51.265069268999923 ], [ -59.511870897999927, -51.26295338299991 ], [ -59.502023891999954, -51.262139580999929 ], [ -59.479481574999909, -51.267510674999926 ], [ -59.462513800999943, -51.281670830999929 ], [ -59.451649542999917, -51.301527601999908 ], [ -59.447377081999946, -51.324151299999926 ], [ -59.471669074999909, -51.327894789999903 ], [ -59.494984503999945, -51.336032809999949 ], [ -59.553212042999917, -51.337823174999926 ], [ -59.576771613999938, -51.330254815999922 ], [ -59.610096808999913, -51.297051690999922 ], [ -59.635812954999949, -51.289483330999929 ], [ -59.748402472999942, -51.283298434999949 ] ] ], [ [ [ -59.768427766999935, -52.326960799999938 ], [ -59.751687667999931, -52.309228124999947 ], [ -59.726288671999953, -52.303902329999914 ], [ -59.692320889999905, -52.30371251899993 ], [ -59.688744570999916, -52.315111361999925 ], [ -59.71246747999993, -52.319399131999944 ], [ -59.712263652999923, -52.332894508999914 ], [ -59.730790202999913, -52.344414800999914 ], [ -59.742494850999947, -52.35797257999991 ], [ -59.720248753999954, -52.367199659999926 ], [ -59.681173004999948, -52.363869606999913 ], [ -59.654092452999919, -52.355405398999949 ], [ -59.641989457999955, -52.367790299999911 ], [ -59.667308905999903, -52.379366408999942 ], [ -59.68752066199994, -52.391940769999906 ], [ -59.695821882999951, -52.406522725999935 ], [ -59.723177084999918, -52.398368277999907 ], [ -59.74544368599993, -52.389136025999903 ], [ -59.760908012999948, -52.378829878999909 ], [ -59.786389895999946, -52.381033918999947 ], [ -59.798459005999916, -52.36863427499992 ], [ -59.820693795999944, -52.358356531999902 ], [ -59.790304715999923, -52.342641708999906 ], [ -59.76487166499993, -52.338362641999936 ], [ -59.768427766999935, -52.326960799999938 ] ] ], [ [ [ -58.415598110999952, -51.994073174999926 ], [ -58.402211066999939, -52.002129815999922 ], [ -58.402007615999935, -52.003513278999947 ], [ -58.40648352799991, -52.005059502999927 ], [ -58.407826300999943, -52.012139580999929 ], [ -58.41079667899993, -52.020196221999925 ], [ -58.422474738999938, -52.020440362999921 ], [ -58.441273566999939, -52.015394789999903 ], [ -58.450266079999949, -52.015557549999926 ], [ -58.450266079999949, -52.019707940999922 ], [ -58.444203253999945, -52.029554945999905 ], [ -58.448963995999918, -52.033786716999941 ], [ -58.460072394999941, -52.03289153399993 ], [ -58.46125240799995, -52.035577080999929 ], [ -58.450754360999952, -52.039971612999921 ], [ -58.439849412999934, -52.036879164999903 ], [ -58.431304490999935, -52.030857028999947 ], [ -58.429514126999948, -52.032972914999903 ], [ -58.434193488999938, -52.042087497999944 ], [ -58.436431443999936, -52.051690362999921 ], [ -58.434722459999932, -52.060967705999929 ], [ -58.426177537999934, -52.072523695999905 ], [ -58.427072719999899, -52.078383070999905 ], [ -58.430043097999942, -52.082614841999941 ], [ -58.429351365999935, -52.088799737999921 ], [ -58.422759568999936, -52.096368096999925 ], [ -58.427601691999939, -52.100681247999944 ], [ -58.448312954999949, -52.098321221999925 ], [ -58.456166144999941, -52.09303150799991 ], [ -58.448963995999918, -52.08757903399993 ], [ -58.448353644999941, -52.080743096999925 ], [ -58.454009568999936, -52.080661716999941 ], [ -58.464751756999931, -52.082940362999921 ], [ -58.480580206999946, -52.077732028999947 ], [ -58.494984503999945, -52.070977471999925 ], [ -58.517974412999934, -52.063653252999927 ], [ -58.520415818999936, -52.058526299999926 ], [ -58.520741339999915, -52.049737237999921 ], [ -58.52562415299991, -52.041680596999925 ], [ -58.538400844999899, -52.034274997999944 ], [ -58.546742316999939, -52.025567315999922 ], [ -58.539621548999946, -52.018975518999923 ], [ -58.527333136999914, -52.013441664999903 ], [ -58.513335740999935, -52.008721612999921 ], [ -58.498850063999953, -52.006280205999929 ], [ -58.48892167899993, -52.002129815999922 ], [ -58.479644334999932, -52.000909112999921 ], [ -58.476958787999934, -51.999607028999947 ], [ -58.484120245999918, -51.995049737999921 ], [ -58.480580206999946, -51.992282809999949 ], [ -58.465646938999953, -51.992771091999941 ], [ -58.453968878999945, -51.99578215899993 ], [ -58.448231574999909, -52.000583591999941 ], [ -58.44399980399993, -52.004978122999944 ], [ -58.438547329999949, -52.00554778399993 ], [ -58.429514126999948, -52.004652601999908 ], [ -58.423817511999914, -52.000095309999949 ], [ -58.425119594999899, -51.993340752999927 ], [ -58.420806443999936, -51.992364190999922 ], [ -58.415598110999952, -51.994073174999926 ] ] ], [ [ [ -59.67992102799991, -51.965590101999908 ], [ -59.673980272999927, -51.97039153399993 ], [ -59.671701626999948, -51.980564059999949 ], [ -59.680287238999938, -51.987725518999923 ], [ -59.690174933999913, -51.98992278399993 ], [ -59.695871548999946, -51.988702080999929 ], [ -59.697621222999942, -51.985772393999923 ], [ -59.700062628999945, -51.982517184999949 ], [ -59.70376542899993, -51.979668877999927 ], [ -59.708851691999939, -51.979424737999921 ], [ -59.714833136999914, -51.98015715899993 ], [ -59.718902147999927, -51.976169528999947 ], [ -59.713002081999946, -51.963962497999944 ], [ -59.714914516999954, -51.95631275799991 ], [ -59.711293097999942, -51.945896091999941 ], [ -59.698882615999935, -51.938409112999921 ], [ -59.688710089999915, -51.940606377999927 ], [ -59.688303188999953, -51.947198174999926 ], [ -59.69163977799991, -51.955336195999905 ], [ -59.686350063999953, -51.962823174999926 ], [ -59.67992102799991, -51.965590101999908 ] ] ], [ [ [ -59.744239089999951, -51.328977582999926 ], [ -59.730522548999943, -51.338531362999902 ], [ -59.716808400999923, -51.347017197999946 ], [ -59.689398299999937, -51.35971971999993 ], [ -59.687848076999899, -51.33945805399992 ], [ -59.665640896999946, -51.341511924999907 ], [ -59.660383786999944, -51.357484470999907 ], [ -59.638101816999949, -51.365928911999902 ], [ -59.60048060999992, -51.368977288999929 ], [ -59.596946214999946, -51.380689702999916 ], [ -59.625967287999913, -51.385071095999933 ], [ -59.663470159999918, -51.396935601999928 ], [ -59.694150735999926, -51.407696488999932 ], [ -59.723186637999902, -51.409918091999941 ], [ -59.752310419999901, -51.39828142999994 ], [ -59.748993983999924, -51.383353715999931 ], [ -59.728575780999904, -51.372636517999922 ], [ -59.752508274999911, -51.368443362999926 ], [ -59.791740300999948, -51.372807604999934 ], [ -59.82252847299992, -51.361152114999925 ], [ -59.829411414999925, -51.350506595999946 ], [ -59.802122727999915, -51.348316248999936 ], [ -59.773132268999916, -51.346115469999916 ], [ -59.764718204999951, -51.327971030999947 ], [ -59.744239089999951, -51.328977582999926 ] ] ], [ [ [ -60.53343665299991, -51.283379815999922 ], [ -60.52017167899993, -51.292738539999903 ], [ -60.516590949999909, -51.304782809999949 ], [ -60.521107550999943, -51.315036716999941 ], [ -60.527007615999935, -51.316582940999922 ], [ -60.530181443999936, -51.310967705999929 ], [ -60.531158006999931, -51.305352471999925 ], [ -60.534413214999915, -51.300957940999922 ], [ -60.546498175999943, -51.298028252999927 ], [ -60.566070115999935, -51.295017184999949 ], [ -60.586293097999942, -51.284600518999923 ], [ -60.596669074999909, -51.26336028399993 ], [ -60.582875128999945, -51.254978122999944 ], [ -60.555246548999946, -51.269301039999903 ], [ -60.54124915299991, -51.279880466999941 ], [ -60.53343665299991, -51.283379815999922 ] ] ], [ [ [ -61.055572068999936, -51.070977471999925 ], [ -61.049631313999953, -51.075372002999927 ], [ -61.048695441999939, -51.080336195999905 ], [ -61.056548631999931, -51.08171965899993 ], [ -61.070220506999931, -51.079196872999944 ], [ -61.103098110999952, -51.06959400799991 ], [ -61.116810675999943, -51.06764088299991 ], [ -61.125803188999953, -51.065199476999908 ], [ -61.126332160999937, -51.059991143999923 ], [ -61.118031378999945, -51.055271091999941 ], [ -61.112212693999936, -51.050876559999949 ], [ -61.112945115999935, -51.046075127999927 ], [ -61.11978105399993, -51.03639088299991 ], [ -61.119211391999954, -51.027764580999929 ], [ -61.105620897999927, -51.029961846999925 ], [ -61.092396613999938, -51.03834400799991 ], [ -61.078521287999934, -51.050957940999922 ], [ -61.073882615999935, -51.056735934999949 ], [ -61.069894985999952, -51.063409112999921 ], [ -61.067616339999915, -51.066501559999949 ], [ -61.055572068999936, -51.070977471999925 ] ] ], [ [ [ -59.202381964999915, -52.902439059999949 ], [ -59.195912238999938, -52.905694268999923 ], [ -59.195220506999931, -52.91570403399993 ], [ -59.198068813999953, -52.92115650799991 ], [ -59.198435024999924, -52.923028252999927 ], [ -59.198435024999924, -52.925795179999909 ], [ -59.198109503999945, -52.931166273999906 ], [ -59.199330206999946, -52.933038018999923 ], [ -59.201893683999913, -52.934421481999948 ], [ -59.204253709999932, -52.935398044999943 ], [ -59.210845506999931, -52.924737237999921 ], [ -59.208322719999899, -52.906345309999949 ], [ -59.202381964999915, -52.902439059999949 ] ] ], [ [ [ -59.071888800999943, -52.42123788899994 ], [ -59.047718878999945, -52.428236585999912 ], [ -59.049509243999921, -52.430271091999941 ], [ -59.086903449999909, -52.436944268999923 ], [ -59.089670376999948, -52.438978773999906 ], [ -59.106841600999928, -52.44304778399993 ], [ -59.114328579999949, -52.447279554999909 ], [ -59.130441860999952, -52.446140231999948 ], [ -59.146107550999943, -52.440362237999921 ], [ -59.142648891999954, -52.434014580999929 ], [ -59.131825324999909, -52.429945570999905 ], [ -59.071888800999943, -52.42123788899994 ] ] ], [ [ [ -59.577463344999899, -51.781996351999908 ], [ -59.550689256999931, -51.766045830999929 ], [ -59.546538865999935, -51.765069268999923 ], [ -59.553130662999934, -51.778090101999908 ], [ -59.554025844999899, -51.801364841999941 ], [ -59.563059048999946, -51.805759372999944 ], [ -59.596099412999934, -51.806166273999906 ], [ -59.611887173999946, -51.811130466999941 ], [ -59.621978318999936, -51.809014580999929 ], [ -59.627430792999917, -51.799411716999941 ], [ -59.62531490799995, -51.792087497999944 ], [ -59.615305141999954, -51.787041924999926 ], [ -59.58234615799995, -51.784681898999906 ], [ -59.577463344999899, -51.781996351999908 ] ] ], [ [ [ -60.667876756999931, -51.650323174999926 ], [ -60.657744920999903, -51.657240492999904 ], [ -60.658355272999927, -51.661635023999906 ], [ -60.662139451999906, -51.667168877999927 ], [ -60.671498175999943, -51.67351653399993 ], [ -60.682403123999904, -51.676283460999912 ], [ -60.687041795999903, -51.673353773999906 ], [ -60.689849412999934, -51.669773044999943 ], [ -60.691232876999948, -51.665785414999903 ], [ -60.687001105999911, -51.658868096999925 ], [ -60.686431443999936, -51.625746351999908 ], [ -60.690500454999949, -51.619805596999925 ], [ -60.694569464999915, -51.616224867999904 ], [ -60.69758053299995, -51.610121351999908 ], [ -60.695668097999942, -51.605075778999947 ], [ -60.689890102999925, -51.606866143999923 ], [ -60.67804928299995, -51.618096612999921 ], [ -60.676665818999936, -51.623060804999909 ], [ -60.676828579999949, -51.62818775799991 ], [ -60.671905076999906, -51.645603122999944 ], [ -60.667876756999931, -51.650323174999926 ] ] ], [ [ [ -60.753244594999899, -51.574151299999926 ], [ -60.741403774999924, -51.578383070999905 ], [ -60.73188229099992, -51.585056247999944 ], [ -60.737945115999935, -51.588636976999908 ], [ -60.809478318999936, -51.580254815999922 ], [ -60.81586666599992, -51.573174737999921 ], [ -60.80805416599992, -51.569024346999925 ], [ -60.753244594999899, -51.574151299999926 ] ] ], [ [ [ -60.894077935999917, -51.20234759899995 ], [ -60.854172898999934, -51.195367087999955 ], [ -60.840095159999919, -51.1978677379999 ], [ -60.855597322999927, -51.204204331999904 ], [ -60.881375208999941, -51.210473417999935 ], [ -60.916107863999912, -51.214263627999912 ], [ -60.940536443999918, -51.215703485999938 ], [ -60.930177045999926, -51.210949996999943 ], [ -60.894077935999917, -51.20234759899995 ] ] ], [ [ [ -60.928013068999917, -51.095452491999936 ], [ -60.922066147999942, -51.080012221999937 ], [ -60.89209096299993, -51.104040571999917 ], [ -60.87133732399991, -51.112519762999909 ], [ -60.858083420999947, -51.114992076999954 ], [ -60.860143476999951, -51.126888857999916 ], [ -60.877234182999928, -51.125577968999949 ], [ -60.894196277999924, -51.117125019999946 ], [ -60.912977670999908, -51.103892367999947 ], [ -60.928013068999917, -51.095452491999936 ] ] ], [ [ [ -61.176218227999925, -51.045017184999949 ], [ -61.167062954999949, -51.050388278999947 ], [ -61.164051886999914, -51.055840752999927 ], [ -61.167347785999937, -51.059421481999948 ], [ -61.181304490999935, -51.058363539999903 ], [ -61.196888800999943, -51.051853122999944 ], [ -61.208404100999928, -51.042819919999943 ], [ -61.228586391999954, -51.037123304999909 ], [ -61.235340949999909, -51.03248463299991 ], [ -61.241688605999911, -51.032077731999948 ], [ -61.247954881999931, -51.030124606999948 ], [ -61.250559048999946, -51.024021091999941 ], [ -61.251616990999935, -51.016452731999948 ], [ -61.24640865799995, -51.013197523999906 ], [ -61.23501542899993, -51.016452731999948 ], [ -61.212310350999928, -51.028903903999947 ], [ -61.206532355999911, -51.034030856999948 ], [ -61.176218227999925, -51.045017184999949 ] ] ] ] } },
{ "type": "Feature", "properties": { "featurecla": "Admin-0 breakaway and disputed", "scalerank": 6, "LABELRANK": 7, "SOVEREIGNT": "Iran", "SOV_A3": "IRN", "ADM0_DIF": 0, "LEVEL": 5, "TYPE": "Disputed", "TLC": null, "ADMIN": "Iran", "ADM0_A3": "IRN", "GEOU_DIF": 0, "GEOUNIT": "Iran", "GU_A3": "IRN", "SU_DIF": 0, "SUBUNIT": "Iran", "SU_A3": "IRN", "BRK_DIFF": 1, "NAME": "Iran", "NAME_LONG": "Iran", "BRK_A3": "B73", "BRK_NAME": "Abu Musa I.", "BRK_GROUP": null, "ABBREV": "Abu Musa I.", "POSTAL": "AM", "FORMAL_EN": null, "FORMAL_FR": null, "NAME_CIAWF": null, "NOTE_ADM0": "Iran", "NOTE_BRK": "Admin. by Iran; Claimed by UAE", "NAME_SORT": "Abu Musa I.", "NAME_ALT": null, "MAPCOLOR7": 4, "MAPCOLOR8": 3, "MAPCOLOR9": 4, "MAPCOLOR13": 13, "POP_EST": 2031, "POP_RANK": 4, "POP_YEAR": 2012, "GDP_MD": 159.0, "GDP_YEAR": 2013, "ECONOMY": "5. Emerging region: G20", "INCOME_GRP": "3. Upper middle income", "FIPS_10": "-99", "ISO_A2": "-99", "ISO_A2_EH": "IR", "ISO_A3": "-99", "ISO_A3_EH": "IRN", "ISO_N3": "-99", "ISO_N3_EH": "364", "UN_A3": "-099", "WB_A2": "-99", "WB_A3": "-99", "WOE_ID": -99, "WOE_ID_EH": -99, "WOE_NOTE": "No WOE equivalent.", "ADM0_ISO": "IRN", "ADM0_DIFF": null, "ADM0_TLC": "IRN", "ADM0_A3_US": "ARE", "ADM0_A3_FR": "IRN", "ADM0_A3_RU": "IRN", "ADM0_A3_ES": "IRN", "ADM0_A3_CN": "IRN", "ADM0_A3_TW": "IRN", "ADM0_A3_IN": "IRN", "ADM0_A3_NP": "IRN", "ADM0_A3_PK": "IRN", "ADM0_A3_DE": "IRN", "ADM0_A3_GB": "IRN", "ADM0_A3_BR": "IRN", "ADM0_A3_IL": "ARE", "ADM0_A3_PS": "ARE", "ADM0_A3_SA": "IRN", "ADM0_A3_EG": "IRN", "ADM0_A3_MA": "ARE", "ADM0_A3_PT": "ARE", "ADM0_A3_AR": "IRN", "ADM0_A3_JP": "ARE", "ADM0_A3_KO": "ARE", "ADM0_A3_VN": "ARE", "ADM0_A3_TR": "ARE", "ADM0_A3_ID": "ARE", "ADM0_A3_PL": "ARE", "ADM0_A3_GR": "ARE", "ADM0_A3_IT": "ARE", "ADM0_A3_NL": "ARE", "ADM0_A3_SE": "ARE", "ADM0_A3_BD": "ARE", "ADM0_A3_UA": "IRN", "ADM0_A3_UN": -99, "ADM0_A3_WB": -99, "CONTINENT": "Asia", "REGION_UN": "Asia", "SUBREGION": "Southern Asia", "REGION_WB": "Middle East & North Africa", "NAME_LEN": 4, "LONG_LEN": 4, "ABBREV_LEN": 11, "TINY": -99, "HOMEPART": -99, "MIN_ZOOM": 7.0, "MIN_LABEL": 7.0, "MAX_LABEL": 9.0, "LABEL_X": 55.033695, "LABEL_Y": 25.874059, "NE_ID": 1159320883, "WIKIDATAID": "Q167217", "NAME_AR": "جزيرة أبو موسى", "NAME_BN": "আবু মুসা দ্বীপ", "NAME_DE": "Abu Musa", "NAME_EN": "Abu Musa", "NAME_ES": "Abu Musa", "NAME_FA": "جزیره ابوموسی", "NAME_FR": "Abou Moussa", "NAME_EL": "Αμπού Μούσα", "NAME_HE": "אבו מוסא", "NAME_HI": "अबू मूसा आइ.", "NAME_HU": "Abu Musa", "NAME_ID": "Abu Musa", "NAME_IT": "Abu Musa", "NAME_JA": "アブー・ムーサー島", "NAME_KO": "아부무사섬", "NAME_NL": "Abu Musa", "NAME_PL": "Abu Musa", "NAME_PT": "Abu Musa", "NAME_RU": "Абу-Мусса", "NAME_SV": "Abu Musa Island", "NAME_TR": "Abu Musa", "NAME_UK": "Острів Абу-Муса", "NAME_UR": "جزیرہ ابو موسی", "NAME_VI": "Đảo Abu Musa", "NAME_ZH": "阿布穆萨岛", "NAME_ZHT": "阿布穆萨岛", "FCLASS_ISO": "Unrecognized", "TLC_DIFF": null, "FCLASS_TLC": "Unrecognized", "FCLASS_US": "Unrecognized", "FCLASS_FR": null, "FCLASS_RU": null, "FCLASS_ES": null, "FCLASS_CN": null, "FCLASS_TW": null, "FCLASS_IN": null, "FCLASS_NP": null, "FCLASS_PK": null, "FCLASS_DE": null, "FCLASS_GB": null, "FCLASS_BR": null, "FCLASS_IL": "Unrecognized", "FCLASS_PS": "Unrecognized", "FCLASS_SA": null, "FCLASS_EG": null, "FCLASS_MA": "Unrecognized", "FCLASS_PT": "Unrecognized", "FCLASS_AR": null, "FCLASS_JP": "Unrecognized", "FCLASS_KO": "Unrecognized", "FCLASS_VN": "Unrecognized", "FCLASS_TR": "Unrecognized", "FCLASS_ID": "Unrecognized", "FCLASS_PL": "Unrecognized", "FCLASS_GR": "Unrecognized", "FCLASS_IT": "Unrecognized", "FCLASS_NL": "Unrecognized", "FCLASS_SE": "Unrecognized", "FCLASS_BD": "Unrecognized", "FCLASS_UA": null }, "geometry": { "type": "MultiPolygon", "coordinates": [ [ [ [ 55.048675977000187, 25.885768947000088 ], [ 55.049896681000121, 25.876084703000174 ], [ 55.054372592000163, 25.86461009300001 ], [ 55.04647871200001, 25.858384507000039 ], [ 55.038259311000047, 25.857733466000127 ], [ 55.032644076000054, 25.854641018000052 ], [ 55.023041212000066, 25.862860419000015 ], [ 55.018402540000125, 25.859605210000097 ], [ 55.018972201000111, 25.865749416000028 ], [ 55.015635613000086, 25.871852932000024 ], [ 55.012054884000179, 25.881618557000081 ], [ 55.026459181000121, 25.888739325000017 ], [ 55.043711785000141, 25.892889716000184 ], [ 55.048675977000187, 25.885768947000088 ] ] ] ] } },
{ "type": "Feature", "properties": { "featurecla": "Admin-0 claim area", "scalerank": 7, "LABELRANK": 4, "SOVEREIGNT": "Eritrea", "SOV_A3": "ERI", "ADM0_DIF": 0, "LEVEL": 5, "TYPE": "Disputed", "TLC": null, "ADMIN": "Eritrea", "ADM0_A3": "ERI", "GEOU_DIF": 0, "GEOUNIT": "Eritrea", "GU_A3": "ERI", "SU_DIF": 0, "SUBUNIT": "Eritrea", "SU_A3": "ERI", "BRK_DIFF": 1, "NAME": "Doumera I.", "NAME_LONG": "Doumera Island", "BRK_A3": "B87", "BRK_NAME": "Doumera Island", "BRK_GROUP": null, "ABBREV": null, "POSTAL": null, "FORMAL_EN": null, "FORMAL_FR": null, "NAME_CIAWF": null, "NOTE_ADM0": null, "NOTE_BRK": "Admin. By Eritrea; Claimed by Djibouti", "NAME_SORT": "Doumera Island", "NAME_ALT": null, "MAPCOLOR7": 3, "MAPCOLOR8": 1, "MAPCOLOR9": 2, "MAPCOLOR13": 12, "POP_EST": 0, "POP_RANK": 1, "POP_YEAR": 2019, "GDP_MD": 0.0, "GDP_YEAR": 2016, "ECONOMY": "7. Least developed region", "INCOME_GRP": "5. Low income", "FIPS_10": "-99", "ISO_A2": "-99", "ISO_A2_EH": "ER", "ISO_A3": "-99", "ISO_A3_EH": "ERI", "ISO_N3": "-99", "ISO_N3_EH": "232", "UN_A3": "-99", "WB_A2": "-99", "WB_A3": "-99", "WOE_ID": -99, "WOE_ID_EH": -99, "WOE_NOTE": "No WOE equivalent.", "ADM0_ISO": "-99", "ADM0_DIFF": null, "ADM0_TLC": "-99", "ADM0_A3_US": "UUU", "ADM0_A3_FR": "ERI", "ADM0_A3_RU": "ERI", "ADM0_A3_ES": "ERI", "ADM0_A3_CN": "ERI", "ADM0_A3_TW": "ERI", "ADM0_A3_IN": "ERI", "ADM0_A3_NP": "ERI", "ADM0_A3_PK": "ERI", "ADM0_A3_DE": "ERI", "ADM0_A3_GB": "ERI", "ADM0_A3_BR": "ERI", "ADM0_A3_IL": "UUU", "ADM0_A3_PS": "UUU", "ADM0_A3_SA": "ERI", "ADM0_A3_EG": "ERI", "ADM0_A3_MA": "UUU", "ADM0_A3_PT": "UUU", "ADM0_A3_AR": "ERI", "ADM0_A3_JP": "UUU", "ADM0_A3_KO": "UUU", "ADM0_A3_VN": "UUU", "ADM0_A3_TR": "UUU", "ADM0_A3_ID": "UUU", "ADM0_A3_PL": "UUU", "ADM0_A3_GR": "UUU", "ADM0_A3_IT": "UUU", "ADM0_A3_NL": "UUU", "ADM0_A3_SE": "UUU", "ADM0_A3_BD": "UUU", "ADM0_A3_UA": "ERI", "ADM0_A3_UN": -99, "ADM0_A3_WB": -99, "CONTINENT": "Africa", "REGION_UN": "Africa", "SUBREGION": "Eastern Africa", "REGION_WB": "Sub-Saharan Africa", "NAME_LEN": 10, "LONG_LEN": 14, "ABBREV_LEN": 0, "TINY": -99, "HOMEPART": 1, "MIN_ZOOM": 7.0, "MIN_LABEL": 6.0, "MAX_LABEL": 9.0, "LABEL_X": 43.146234, "LABEL_Y": 12.715369, "NE_ID": 1159320583, "WIKIDATAID": "Q1252656", "NAME_AR": "دميرة", "NAME_BN": "ডোউমেরা আইল্যান্ড", "NAME_DE": "Doumeira", "NAME_EN": "Doumeira Islands", "NAME_ES": "Isla Doumeira", "NAME_FA": "جزیره دومرا", "NAME_FR": "île de Douméra", "NAME_EL": "Ντουμέρα Άιλαντ", "NAME_HE": "האי דומרה", "NAME_HI": "डूमेरा आइलैंड", "NAME_HU": "Doumeira-sziget", "NAME_ID": "Pulau Doumeira", "NAME_IT": "Isole Doumeira", "NAME_JA": "ドゥメーラ島", "NAME_KO": "두메라 아일랜드", "NAME_NL": "Doumeira-eilanden", "NAME_PL": "Doumeira", "NAME_PT": "Ilhas Doumeira", "NAME_RU": "Думейра", "NAME_SV": "Doumeiraöarna", "NAME_TR": "Doumera Adası", "NAME_UK": "Острів Думейра", "NAME_UR": "ڈومیرا آئلینڈ", "NAME_VI": "Đảo Doumera", "NAME_ZH": "杜梅伊拉島", "NAME_ZHT": "杜梅伊拉島", "FCLASS_ISO": "Unrecognized", "TLC_DIFF": null, "FCLASS_TLC": "Unrecognized", "FCLASS_US": null, "FCLASS_FR": null, "FCLASS_RU": null, "FCLASS_ES": null, "FCLASS_CN": null, "FCLASS_TW": null, "FCLASS_IN": null, "FCLASS_NP": null, "FCLASS_PK": null, "FCLASS_DE": null, "FCLASS_GB": null, "FCLASS_BR": null, "FCLASS_IL": "Unrecognized", "FCLASS_PS": "Unrecognized", "FCLASS_SA": null, "FCLASS_EG": null, "FCLASS_MA": "Unrecognized", "FCLASS_PT": "Unrecognized", "FCLASS_AR": null, "FCLASS_JP": "Unrecognized", "FCLASS_KO": "Unrecognized", "FCLASS_VN": "Unrecognized", "FCLASS_TR": "Unrecognized", "FCLASS_ID": "Unrecognized", "FCLASS_PL": "Unrecognized", "FCLASS_GR": "Unrecognized", "FCLASS_IT": "Unrecognized", "FCLASS_NL": "Unrecognized", "FCLASS_SE": "Unrecognized", "FCLASS_BD": "Unrecognized", "FCLASS_UA": null }, "geometry": { "type": "MultiPolygon", "coordinates": [ [ [ [ 43.140235647166072, 12.720147020078132 ], [ 43.142029915921583, 12.720531506240027 ], [ 43.143567860569163, 12.719249885700377 ], [ 43.145874777540541, 12.719249885700377 ], [ 43.147925370403982, 12.720915992401922 ], [ 43.151513907915003, 12.720531506240027 ], [ 43.153308176670514, 12.717071130782969 ], [ 43.152026556130863, 12.712841783002121 ], [ 43.147540884242083, 12.710919352192644 ], [ 43.143311536461233, 12.711816486570401 ], [ 43.139338512788321, 12.716045834351249 ], [ 43.138569540464523, 12.718352751322621 ], [ 43.140235647166072, 12.720147020078132 ] ] ] ] } },
{ "type": "Feature", "properties": { "featurecla": "Admin-0 country", "scalerank": 1, "LABELRANK": 4, "SOVEREIGNT": "Antarctica", "SOV_A3": "ATA", "ADM0_DIF": 0, "LEVEL": 2, "TYPE": "Indeterminate", "TLC": "1", "ADMIN": "Antarctica", "ADM0_A3": "ATA", "GEOU_DIF": 0, "GEOUNIT": "Antarctica", "GU_A3": "ATA", "SU_DIF": 0, "SUBUNIT": "Antarctica", "SU_A3": "ATA", "BRK_DIFF": 0, "NAME": "Antarctica", "NAME_LONG": "Antarctica", "BRK_A3": "ATA", "BRK_NAME": "Antarctica", "BRK_GROUP": null, "ABBREV": "Ant.", "POSTAL": "AQ", "FORMAL_EN": null, "FORMAL_FR": null, "NAME_CIAWF": null, "NOTE_ADM0": "By treaty", "NOTE_BRK": "Multiple claims held in abeyance by treaty", "NAME_SORT": "Antarctica", "NAME_ALT": null, "MAPCOLOR7": 4, "MAPCOLOR8": 5, "MAPCOLOR9": 1, "MAPCOLOR13": -99, "POP_EST": 4490, "POP_RANK": 4, "POP_YEAR": 2019, "GDP_MD": 898.0, "GDP_YEAR": 2013, "ECONOMY": "6. Developing region", "INCOME_GRP": "2. High income: nonOECD", "FIPS_10": "AY", "ISO_A2": "AQ", "ISO_A2_EH": "AQ", "ISO_A3": "ATA", "ISO_A3_EH": "ATA", "ISO_N3": "010", "ISO_N3_EH": "010", "UN_A3": "010", "WB_A2": "-99", "WB_A3": "-99", "WOE_ID": 28289409, "WOE_ID_EH": 28289409, "WOE_NOTE": "Exact WOE match as country", "ADM0_ISO": "ATA", "ADM0_DIFF": null, "ADM0_TLC": "ATA", "ADM0_A3_US": "ATA", "ADM0_A3_FR": "ATA", "ADM0_A3_RU": "ATA", "ADM0_A3_ES": "ATA", "ADM0_A3_CN": "ATA", "ADM0_A3_TW": "ATA", "ADM0_A3_IN": "ATA", "ADM0_A3_NP": "ATA", "ADM0_A3_PK": "ATA", "ADM0_A3_DE": "ATA", "ADM0_A3_GB": "ATA", "ADM0_A3_BR": "ATA", "ADM0_A3_IL": "ATA", "ADM0_A3_PS": "ATA", "ADM0_A3_SA": "ATA", "ADM0_A3_EG": "ATA", "ADM0_A3_MA": "ATA", "ADM0_A3_PT": "ATA", "ADM0_A3_AR": "ATA", "ADM0_A3_JP": "ATA", "ADM0_A3_KO": "ATA", "ADM0_A3_VN": "ATA", "ADM0_A3_TR": "ATA", "ADM0_A3_ID": "ATA", "ADM0_A3_PL": "ATA", "ADM0_A3_GR": "ATA", "ADM0_A3_IT": "ATA", "ADM0_A3_NL": "ATA", "ADM0_A3_SE": "ATA", "ADM0_A3_BD": "ATA", "ADM0_A3_UA": "ATA", "ADM0_A3_UN": -99, "ADM0_A3_WB": -99, "CONTINENT": "Antarctica", "REGION_UN": "Antarctica", "SUBREGION": "Antarctica", "REGION_WB": "Antarctica", "NAME_LEN": 10, "LONG_LEN": 10, "ABBREV_LEN": 4, "TINY": -99, "HOMEPART": 1, "MIN_ZOOM": 0.0, "MIN_LABEL": 4.0, "MAX_LABEL": 9.0, "LABEL_X": 35.885455, "LABEL_Y": -79.843222, "NE_ID": 1159320335, "WIKIDATAID": "Q51", "NAME_AR": "القارة القطبية الجنوبية", "NAME_BN": "অ্যান্টার্কটিকা", "NAME_DE": "Antarktika", "NAME_EN": "Antarctica", "NAME_ES": "Antártida", "NAME_FA": "جنوبگان", "NAME_FR": "Antarctique", "NAME_EL": "Ανταρκτική", "NAME_HE": "אנטארקטיקה", "NAME_HI": "अंटार्कटिका", "NAME_HU": "Antarktika", "NAME_ID": "Antartika", "NAME_IT": "Antartide", "NAME_JA": "南極大陸", "NAME_KO": "남극", "NAME_NL": "Antarctica", "NAME_PL": "Antarktyda", "NAME_PT": "Antártida", "NAME_RU": "Антарктида", "NAME_SV": "Antarktis", "NAME_TR": "Antarktika", "NAME_UK": "Антарктида", "NAME_UR": "انٹارکٹکا", "NAME_VI": "Châu Nam Cực", "NAME_ZH": "南极洲", "NAME_ZHT": "南極洲", "FCLASS_ISO": "Admin-0 dependency", "TLC_DIFF": null, "FCLASS_TLC": "Admin-0 dependency", "FCLASS_US": null, "FCLASS_FR": null, "FCLASS_RU": null, "FCLASS_ES": null, "FCLASS_CN": null, "FCLASS_TW": null, "FCLASS_IN": null, "FCLASS_NP": null, "FCLASS_PK": null, "FCLASS_DE": null, "FCLASS_GB": null, "FCLASS_BR": null, "FCLASS_IL": null, "FCLASS_PS": null, "FCLASS_SA": null, "FCLASS_EG": null, "FCLASS_MA": null, "FCLASS_PT": null, "FCLASS_AR": null, "FCLASS_JP": null, "FCLASS_KO": null, "FCLASS_VN": null, "FCLASS_TR": null, "FCLASS_ID": null, "FCLASS_PL": null, "FCLASS_GR": null, "FCLASS_IT": null, "FCLASS_NL": null, "FCLASS_SE": null, "FCLASS_BD": null, "FCLASS_UA": null }, "geometry": { "type": "MultiPolygon", "coordinates": [ [ [ [ -48.660616014182523, -78.047018731598726 ], [ -48.1513964503784, -78.047069600586767 ], [ -46.662856818210983, -77.831475525065059 ], [ -45.15475765642109, -78.047069600586767 ], [ -43.920827806155742, -78.478102722333276 ], [ -43.48994971370611, -79.085559991368498 ], [ -43.372437506674387, -79.516644789547314 ], [ -43.333266770997142, -80.026122735512899 ], [ -44.880536668464266, -80.339643650227686 ], [ -46.506173875502029, -80.594356784994332 ], [ -48.386420864441831, -80.829484551922334 ], [ -50.482106899606457, -81.025441583173134 ], [ -52.851988084511788, -80.966685479657286 ], [ -54.16425940613162, -80.633527520671578 ], [ -53.987991095584036, -80.222028090331378 ], [ -51.853134324742157, -79.947729587726116 ], [ -50.991326463410587, -79.614623305172699 ], [ -50.364594692574755, -79.183486830561606 ], [ -49.914131232286493, -78.811209004886692 ], [ -49.306958991073117, -78.458569030926952 ], [ -48.660616014182523, -78.047017924154474 ], [ -48.660616014182523, -78.047018731598726 ] ] ], [ [ [ -66.29003089055513, -80.255772800617976 ], [ -64.037687750897675, -80.294943536295222 ], [ -61.883245612217181, -80.392870375488314 ], [ -61.138975796133479, -79.981370945148129 ], [ -60.610119188058441, -79.628679294756097 ], [ -59.572094692611586, -80.040178725096283 ], [ -59.865849371974733, -80.549656671061854 ], [ -60.159655727770193, -81.000326837079285 ], [ -62.255393439367111, -80.863177585776654 ], [ -64.48812537296979, -80.92193368929253 ], [ -65.741666429289907, -80.5888274067391 ], [ -65.741666429289907, -80.549656671061854 ], [ -66.29003089055513, -80.255772800617976 ] ] ], [ [ [ -73.915818651002297, -71.269344577925779 ], [ -73.915818651002297, -71.269343770481527 ], [ -73.23033077665059, -71.151779887017511 ], [ -72.07471655952358, -71.190950622694757 ], [ -71.780961880160419, -70.681472676729172 ], [ -71.722179938428411, -70.30919565849851 ], [ -71.741791144483187, -69.505782165656754 ], [ -71.173815477163203, -69.035474955368414 ], [ -70.253251512315771, -68.878740336227168 ], [ -69.724446580673032, -69.251017354457829 ], [ -69.489422166609586, -69.623346049120769 ], [ -69.058518235943808, -70.074016215138201 ], [ -68.725541144471123, -70.505152689749295 ], [ -68.451345994730431, -70.955822855766726 ], [ -68.333833787698723, -71.406493021784158 ], [ -68.510127936462439, -71.798407084285728 ], [ -68.784297247986984, -72.170735778948668 ], [ -69.959470994736478, -72.307885030251299 ], [ -71.07588863797011, -72.503842061502084 ], [ -72.388134121373781, -72.484256693663468 ], [ -71.898499925408288, -72.092342631161898 ], [ -73.073621995725489, -72.229491882464529 ], [ -74.190039638959121, -72.366692810199453 ], [ -74.953894822881452, -72.072757263323282 ], [ -75.012625088181167, -71.661257832983097 ], [ -73.915818651002297, -71.269344577925779 ] ] ], [ [ [ -102.330725063876386, -71.894164320766819 ], [ -102.330725063876386, -71.894163513322567 ], [ -101.703967454824408, -71.717791849910398 ], [ -100.430918545314086, -71.854992777645322 ], [ -98.981549648823915, -71.933334248999799 ], [ -97.884743211645059, -72.070535176734722 ], [ -96.787936774466189, -71.952971293270721 ], [ -96.200349901091442, -72.521205342752154 ], [ -96.983764614636229, -72.442863871397677 ], [ -98.198083258846822, -72.482034607074922 ], [ -99.432013109112177, -72.442863871397677 ], [ -100.783455166409254, -72.501619974913538 ], [ -101.801868455801369, -72.305662943662753 ], [ -102.330725063876386, -71.894164320766819 ] ] ], [ [ [ -122.621734585441928, -73.65777760202387 ], [ -122.621735392886194, -73.657776794579618 ], [ -122.406244670229071, -73.32461883559391 ], [ -121.211511393857108, -73.500990499006079 ], [ -119.918851278292038, -73.657725118147326 ], [ -118.724143032691956, -73.481353454735171 ], [ -119.29211870001194, -73.834096781559495 ], [ -120.232217163709976, -74.088809916326142 ], [ -121.622829956684285, -74.01046844497165 ], [ -122.621734585441928, -73.65777760202387 ] ] ], [ [ [ -127.283129645681925, -73.461768894340793 ], [ -127.283130453126191, -73.461768086896541 ], [ -126.558471843097252, -73.24622568780714 ], [ -125.559566406895343, -73.481353454735171 ], [ -124.031881877266827, -73.873267517236727 ], [ -124.619468750641573, -73.834096781559495 ], [ -125.912180542638936, -73.736118265934095 ], [ -127.283129645681925, -73.461768894340793 ] ] ], [ [ [ -163.71289567772871, -78.595667413241543 ], [ -163.71289567772871, -78.595666605797291 ], [ -163.105800951163786, -78.223337911134337 ], [ -161.245113491846439, -78.380175883140183 ], [ -160.24620805564453, -78.693645121422676 ], [ -159.482404548154477, -79.046337579258974 ], [ -159.208183560197654, -79.497059421708684 ], [ -161.127601284814716, -79.634208673011329 ], [ -162.439846768218416, -79.281465346186991 ], [ -163.027407803377002, -78.928773695794959 ], [ -163.06660437727038, -78.869965915846805 ], [ -163.71289567772871, -78.595667413241543 ] ] ], [ [ [ 180.0, -84.71338 ], [ 180.0, -90.0 ], [ -180.0, -90.0 ], [ -180.0, -84.71338 ], [ -179.942499356178985, -84.721443373552518 ], [ -179.058677334691168, -84.139411716649136 ], [ -177.256771817105772, -84.452932631363922 ], [ -177.140806673265814, -84.417941227148276 ], [ -176.084672818077649, -84.099259128758376 ], [ -175.947234613627728, -84.110448710216588 ], [ -175.829882168662579, -84.117914320815714 ], [ -174.382502814815666, -84.534323012223524 ], [ -173.116559414745439, -84.117914320815714 ], [ -172.889105598012776, -84.06101856886238 ], [ -169.951222907571406, -83.884646905450154 ], [ -168.99998898015869, -84.117914320815714 ], [ -168.530198534193289, -84.237390232274436 ], [ -167.022099372403375, -84.570496514827937 ], [ -164.182143521155098, -84.825209649594626 ], [ -161.929774543281411, -85.138730564309412 ], [ -158.071379564424916, -85.373910007669679 ], [ -155.192252977499265, -85.099559828632152 ], [ -150.942098965437992, -85.295516859882923 ], [ -148.533072883071554, -85.609037774597709 ], [ -145.888918226332947, -85.315102227721582 ], [ -143.107718478600475, -85.040752048683942 ], [ -142.892279432375574, -84.570496514827937 ], [ -146.829068366463275, -84.531274102718385 ], [ -150.060731574483924, -84.296146335790354 ], [ -150.902928229760789, -83.904232273288812 ], [ -153.586201138300169, -83.688689874199383 ], [ -153.40990698953641, -83.238019708182037 ], [ -153.037759162386465, -82.826520277841837 ], [ -152.665637173452723, -82.45419158317884 ], [ -152.861516690055026, -82.042692152838583 ], [ -154.526298794553924, -81.768393650233349 ], [ -155.290179816692358, -81.415650323409011 ], [ -156.837449714159533, -81.102129408694282 ], [ -154.408786587522201, -81.160937188642436 ], [ -152.097661506132795, -81.004150893068811 ], [ -150.648292609642596, -81.337308852054548 ], [ -148.865998298112032, -81.043373305178307 ], [ -147.220749885019472, -80.67104461051548 ], [ -146.417748996191818, -80.337938327962036 ], [ -146.770286424731239, -79.926438897621892 ], [ -148.062946540296338, -79.652088718584253 ], [ -149.531900804625081, -79.358204848140417 ], [ -151.588416104112468, -79.299397068192263 ], [ -153.39032162169778, -79.162247816889646 ], [ -155.329376390585736, -79.064269301264233 ], [ -155.975667691044123, -78.691939799157069 ], [ -157.268301968393018, -78.378418884442226 ], [ -158.051768358370083, -78.025675557617944 ], [ -158.365134243787992, -76.889207458654994 ], [ -157.875474209606409, -76.987237650712643 ], [ -156.974573127246003, -77.300758565427543 ], [ -155.329376390585736, -77.20272837336978 ], [ -153.742832404576774, -77.06557912206722 ], [ -152.920246955354742, -77.496663920246021 ], [ -151.333780483994275, -77.398737081052843 ], [ -150.001949632751916, -77.183143005531235 ], [ -148.748486091080309, -76.908844502925945 ], [ -147.612483080008047, -76.575738220372557 ], [ -146.104408948990056, -76.477759704747086 ], [ -146.143528008234966, -76.105431010084203 ], [ -146.496091274990505, -75.733153991853499 ], [ -146.202309949966974, -75.380410665029217 ], [ -144.909623996185786, -75.204039001616991 ], [ -144.322037122811025, -75.537196960602728 ], [ -142.794352593182566, -75.341239929351957 ], [ -141.638764214271646, -75.086475118152975 ], [ -140.209006523836194, -75.066889750314431 ], [ -138.85759030475532, -74.96891123468896 ], [ -137.506199923890506, -74.733783467760986 ], [ -136.42890133990187, -74.518241068671614 ], [ -135.21458269569132, -74.302698669582185 ], [ -134.43119382036258, -74.361454773097989 ], [ -133.745654269578608, -74.439847920884858 ], [ -132.257167928732031, -74.302698669582185 ], [ -130.925311239273583, -74.479018656561948 ], [ -129.554283814137818, -74.45943328872346 ], [ -128.242038330734204, -74.322284037420729 ], [ -126.890622111653215, -74.4202625530462 ], [ -125.402082479485841, -74.518241068671614 ], [ -124.01149552472765, -74.479018656561948 ], [ -122.562152466453654, -74.498604024400663 ], [ -121.073612834286223, -74.518241068671614 ], [ -119.702559570934284, -74.479018656561948 ], [ -118.684145474097988, -74.185083109685877 ], [ -117.469800991671264, -74.028348490544658 ], [ -116.216311611783453, -74.243890889633974 ], [ -115.021552497195387, -74.067519226221862 ], [ -113.944331427855104, -73.714827575829872 ], [ -113.29798845096451, -74.028348490544658 ], [ -112.945451829869342, -74.381040140936648 ], [ -112.29908301476263, -74.714198099922385 ], [ -111.261058519315668, -74.4202625530462 ], [ -110.066325242943776, -74.792539571276848 ], [ -108.714909023862788, -74.910103454740863 ], [ -107.559346483168156, -75.184453633778446 ], [ -106.149148322355074, -75.125697530262528 ], [ -104.87607357462872, -74.949325866850415 ], [ -103.367948574622687, -74.988496602527675 ], [ -102.016506517325638, -75.125697530262528 ], [ -100.64553076862228, -75.302017517242462 ], [ -100.116699998763295, -74.870932719063489 ], [ -100.763042975654002, -74.537826436510215 ], [ -101.252703009835557, -74.185083109685877 ], [ -102.545337287184566, -74.106741638331414 ], [ -103.113312954504522, -73.734412943668417 ], [ -103.32875200072931, -73.362084249005534 ], [ -103.681288621824422, -72.617530212544182 ], [ -102.917485114334397, -72.754679463846855 ], [ -101.605239630930782, -72.81343556736266 ], [ -100.31252783893342, -72.754679463846855 ], [ -99.137379930400073, -72.911414082988074 ], [ -98.118889126359534, -73.205349629864202 ], [ -97.688036872126077, -73.558041280256305 ], [ -96.33659481482897, -73.616849060204402 ], [ -95.043960537479904, -73.479699808901842 ], [ -93.672907274128136, -73.283742777650957 ], [ -92.439003262078984, -73.166178894187055 ], [ -91.420564134470737, -73.401306661115086 ], [ -90.088733283228464, -73.32291351332816 ], [ -89.226951260112969, -72.558722432595914 ], [ -88.423951178729567, -73.009392598613431 ], [ -87.268336961602586, -73.185764262025657 ], [ -86.014821743498487, -73.087785746400186 ], [ -85.19223629427654, -73.479699808901842 ], [ -83.879990810872812, -73.518870544578931 ], [ -82.665646328446087, -73.63643442804306 ], [ -81.470913052074195, -73.851976827132432 ], [ -80.687446662097045, -73.479699808901842 ], [ -80.295790981757023, -73.126956482077389 ], [ -79.296885545555028, -73.518870544578931 ], [ -77.925858120419321, -73.420892028953631 ], [ -76.907367316378782, -73.63643442804306 ], [ -76.221879442027102, -73.969540710596448 ], [ -74.890048590784829, -73.871613871403383 ], [ -73.852024095337981, -73.656019795881662 ], [ -72.833533291297442, -73.401306661115086 ], [ -71.619214647086892, -73.264157409812412 ], [ -70.209042324489985, -73.146541849916105 ], [ -68.935915900331281, -73.009392598613431 ], [ -67.95662167018412, -72.793850199524059 ], [ -67.369060635025562, -72.480329284809272 ], [ -67.134036220962059, -72.049244486630414 ], [ -67.251548427993725, -71.637745056290271 ], [ -67.564940151627923, -71.245830993788729 ], [ -67.917476772723035, -70.853916931287074 ], [ -68.230842658140944, -70.462054545217825 ], [ -68.485452440043048, -70.109311218393543 ], [ -68.544208543558966, -69.717397155892002 ], [ -68.446281704365788, -69.325534769822696 ], [ -67.976232876238953, -68.953206075159756 ], [ -67.58449968125035, -68.541706644819499 ], [ -67.427842576757541, -68.14984425875025 ], [ -67.623670416927666, -67.718759460571505 ], [ -67.741182623959389, -67.326845398069906 ], [ -67.251548427993725, -66.876175232052447 ], [ -66.703183966728602, -66.582239685176205 ], [ -66.05681515162189, -66.209962666945671 ], [ -65.371327277270154, -65.896390075798593 ], [ -64.56827551945446, -65.6025062053547 ], [ -64.176542324465856, -65.171423022064403 ], [ -63.628152024984558, -64.897072843026706 ], [ -63.001394415932623, -64.642308031827895 ], [ -62.041685553624006, -64.583551928311977 ], [ -61.414927944572071, -64.27003101359719 ], [ -60.709854702381733, -64.07407398234642 ], [ -59.887269253159616, -63.956510098882404 ], [ -59.162584804914559, -63.701745287683536 ], [ -58.59455746116231, -63.388224372968637 ], [ -57.811142747617566, -63.270660489504621 ], [ -57.223581712458895, -63.52542530070366 ], [ -57.595729539608897, -63.858531583257047 ], [ -58.614142829000969, -64.152467130133175 ], [ -59.045072597882893, -64.368009529222604 ], [ -59.789342413966608, -64.211223233649093 ], [ -60.611927863188669, -64.309201749274393 ], [ -61.297415737540348, -64.544329516202538 ], [ -62.022100185785462, -64.799094327401406 ], [ -62.511760219966959, -65.093029874277477 ], [ -62.648857794837397, -65.484942321890685 ], [ -62.59012752953771, -65.857219340121333 ], [ -62.120078701410762, -66.190325622674663 ], [ -62.805566575762441, -66.425505066034987 ], [ -63.745690070232399, -66.503846537389563 ], [ -64.294106207929985, -66.837004496375243 ], [ -64.881693081304661, -67.15047373465768 ], [ -65.508424852140536, -67.581610209268888 ], [ -65.665081956633344, -67.953887227499479 ], [ -65.312545335538118, -68.365334981407386 ], [ -64.783714565679304, -68.678907572554522 ], [ -63.961103278241126, -68.913983663050203 ], [ -63.197299770751101, -69.227556254197282 ], [ -62.785955369707779, -69.619418640266531 ], [ -62.570516323482934, -69.991747334929528 ], [ -62.27673580590357, -70.383661397431069 ], [ -61.806661139560617, -70.716767679984514 ], [ -61.512906460197428, -71.089044698215105 ], [ -61.37580888532716, -72.010073750953154 ], [ -61.08197669131556, -72.382350769183859 ], [ -61.003661058177215, -72.7742648316854 ], [ -60.690269334543132, -73.166178894187055 ], [ -60.827366909413456, -73.695242207991214 ], [ -61.37580888532716, -74.106741638331414 ], [ -61.963369920485718, -74.439847920884858 ], [ -63.295200771727991, -74.576997172187419 ], [ -63.745690070232399, -74.929740499011757 ], [ -64.352836473229615, -75.262846781565202 ], [ -65.860987311451822, -75.635123799795736 ], [ -67.192818162694152, -75.791910095369417 ], [ -68.446281704365788, -76.007452494458789 ], [ -69.797723761662894, -76.222994893548218 ], [ -70.600723843046296, -76.634494323888418 ], [ -72.206775682245393, -76.673665059565678 ], [ -73.969536302369704, -76.634494323888418 ], [ -75.555976935514082, -76.712887471675174 ], [ -77.240370246067641, -76.712887471675174 ], [ -76.926978522433615, -77.104801534176772 ], [ -75.399293992804985, -77.281069844724357 ], [ -74.282876349571438, -77.555420023761769 ], [ -73.656118740519503, -77.908111674153929 ], [ -74.772536383753106, -78.221632588868715 ], [ -76.496100429983983, -78.123654073243245 ], [ -77.925858120419321, -78.378418884442226 ], [ -77.984665900367531, -78.789918314782369 ], [ -78.023784959612499, -79.181833184728248 ], [ -76.848637051079095, -79.514939467281692 ], [ -76.633223843070425, -79.887216485512226 ], [ -75.360097418911721, -80.259545180175223 ], [ -73.24485185412459, -80.416331475748791 ], [ -71.442946336539251, -80.690629978354025 ], [ -70.013162807887738, -81.004150893068811 ], [ -68.191646084247566, -81.317671807783597 ], [ -65.704278530526722, -81.474458103357222 ], [ -63.256030036050731, -81.748756605962512 ], [ -61.552025519442338, -82.042692152838583 ], [ -59.691415574773487, -82.375850111824377 ], [ -58.712121344626269, -82.846105645680382 ], [ -58.222487148660889, -83.218434340343379 ], [ -57.008116828017876, -82.86569101351904 ], [ -55.362894253141576, -82.571755466642799 ], [ -53.619770677288273, -82.258234551928069 ], [ -51.543644171746053, -82.003521417161323 ], [ -49.761349860215489, -81.729171238123797 ], [ -47.273930630062239, -81.709585870285252 ], [ -44.825707973802537, -81.846735121587813 ], [ -42.80836340999241, -82.081914564948136 ], [ -42.162020433101816, -81.650829766769334 ], [ -40.771433478343624, -81.356894219893206 ], [ -38.24481767429711, -81.337308852054548 ], [ -36.266669684380247, -81.12171477653294 ], [ -34.386396857224383, -80.906172377443511 ], [ -32.310296189898338, -80.76902312614078 ], [ -30.097097947702025, -80.592651462728668 ], [ -28.549802212018733, -80.337938327962036 ], [ -29.254901292425131, -79.985195001137697 ], [ -29.685805223090995, -79.632503350745708 ], [ -29.685805223090995, -79.260226332515003 ], [ -31.624808315546659, -79.299397068192263 ], [ -33.681323615033989, -79.456131687333482 ], [ -35.639912075328311, -79.456131687333482 ], [ -35.914107225069017, -79.083854669102891 ], [ -35.777009650198693, -78.339248148765023 ], [ -35.326546189910459, -78.123654073243245 ], [ -33.89676266125889, -77.888526306315271 ], [ -32.212369350705274, -77.653450215819532 ], [ -30.99805070649461, -77.359514668943348 ], [ -29.783732062284116, -77.06557912206722 ], [ -28.882779303491418, -76.673665059565678 ], [ -27.511751878355653, -76.497345072585745 ], [ -26.160335659274779, -76.360144144850779 ], [ -25.474821946706925, -76.281802673496315 ], [ -23.927552049239807, -76.242580261386763 ], [ -22.458597784910978, -76.105431010084203 ], [ -21.224693772861826, -75.909473978833432 ], [ -20.010375128651106, -75.674346211905402 ], [ -18.913542853256217, -75.439218444977314 ], [ -17.5229817367142, -75.125697530262528 ], [ -16.641588507544043, -74.792539571276848 ], [ -15.701490851290259, -74.498604024400663 ], [ -15.407710333710895, -74.106741638331414 ], [ -16.465320196996402, -73.871613871403383 ], [ -16.11278357590129, -73.460114441063183 ], [ -15.44685523117198, -73.146541849916105 ], [ -14.408804897509015, -72.950584818665334 ], [ -13.311972622114013, -72.715457051737303 ], [ -12.293507656289592, -72.401936137022517 ], [ -11.510067104528616, -72.010073750953154 ], [ -11.020432908563066, -71.539766540664857 ], [ -10.295774298534184, -71.265416361627331 ], [ -9.101015183946117, -71.324224141575485 ], [ -8.611380987980624, -71.657330424128872 ], [ -7.416621873392444, -71.696501159806076 ], [ -7.377451137715298, -71.324224141575485 ], [ -6.868231573911146, -70.932310079073943 ], [ -5.790984666354802, -71.0302885946993 ], [ -5.536374884452698, -71.402617289362297 ], [ -4.341667446296924, -71.461373392878102 ], [ -3.048981492515622, -71.285053405898168 ], [ -1.795492112627812, -71.16743784600186 ], [ -0.65948910155555, -71.226245625950071 ], [ -0.228636847322093, -71.637745056290271 ], [ 0.868195428072909, -71.304638773736826 ], [ 1.886686232113505, -71.128267110324714 ], [ 3.022637566753417, -70.991117859022097 ], [ 4.139055209987021, -70.853916931287074 ], [ 5.157546014027616, -70.618789164359043 ], [ 6.273911980828871, -70.462054545217825 ], [ 7.135719842160597, -70.246512146128339 ], [ 7.742866245157813, -69.893768819304057 ], [ 8.487110223025297, -70.148533630503039 ], [ 9.525134718472202, -70.011332702768186 ], [ 10.249845004933434, -70.481639913056483 ], [ 10.817820672253333, -70.834331563448529 ], [ 11.953823683325595, -70.638374532197759 ], [ 12.404287143613942, -70.246512146128339 ], [ 13.422777947654367, -69.972161967090926 ], [ 14.734997592841978, -70.030918070606731 ], [ 15.126756626046586, -70.403246765269728 ], [ 15.949342075268589, -70.030918070606731 ], [ 17.02658898282516, -69.913354187142772 ], [ 18.201711053142276, -69.874183451465512 ], [ 19.259372592860018, -69.893768819304057 ], [ 20.375738559661443, -70.011332702768186 ], [ 21.452985467217786, -70.070140482716283 ], [ 21.923034295344735, -70.403246765269728 ], [ 22.56940311045139, -70.697182312145856 ], [ 23.666183709414213, -70.520810648733743 ], [ 24.841357456163564, -70.481639913056483 ], [ 25.977308790803647, -70.481639913056483 ], [ 27.093726434037251, -70.462054545217825 ], [ 28.092580193806839, -70.324853617482972 ], [ 29.150241733524581, -70.207289734018957 ], [ 30.031583286262503, -69.932939554981317 ], [ 30.971732618948579, -69.756619568001497 ], [ 31.990171746556825, -69.658641052376026 ], [ 32.754052768695317, -69.3842908733385 ], [ 33.302443068176672, -68.83564219169574 ], [ 33.870418735496571, -68.502587585574588 ], [ 34.908494907375825, -68.659270528283514 ], [ 35.300202264148254, -69.012013855107909 ], [ 36.162010125479753, -69.24714162203594 ], [ 37.200034620926601, -69.168748474249071 ], [ 37.905107863116825, -69.521440124641231 ], [ 38.649403517416886, -69.776204935840155 ], [ 39.667894321457368, -69.541077168912068 ], [ 40.02043094255248, -69.109940694300974 ], [ 40.92135786312906, -68.933620707321154 ], [ 41.959434035008144, -68.600514424767709 ], [ 42.938702426939074, -68.463313497032743 ], [ 44.113876173688652, -68.267408142214265 ], [ 44.897290887233396, -68.051865743124893 ], [ 45.719928012887806, -67.816737976196805 ], [ 46.503342726432606, -67.601195577107489 ], [ 47.443440382686276, -67.718759460571505 ], [ 48.344418979695092, -67.366067810179459 ], [ 48.990736118369568, -67.091717631141876 ], [ 49.930885451055644, -67.111302998980477 ], [ 50.753470900277705, -66.876175232052447 ], [ 50.949324578663891, -66.523483581660457 ], [ 51.791547072156959, -66.249133402622874 ], [ 52.614132521378963, -66.053176371372103 ], [ 53.613037957580786, -65.896390075798593 ], [ 54.533550245996025, -65.818048604443959 ], [ 55.414943475166183, -65.876804707959934 ], [ 56.355041131419853, -65.974783223585348 ], [ 57.158092889235661, -66.249133402622874 ], [ 57.25596805199649, -66.680218200801676 ], [ 58.137361281166648, -67.01332448335512 ], [ 58.744507684163864, -67.287674662392646 ], [ 59.939318475184223, -67.405238545856719 ], [ 60.605220981697357, -67.679588724894245 ], [ 61.427806430919361, -67.953887227499479 ], [ 62.387489455011689, -68.012695007447576 ], [ 63.190489536395148, -67.816737976196805 ], [ 64.052349074158997, -67.405238545856719 ], [ 64.992446730412894, -67.620729268513742 ], [ 65.97171512234388, -67.738344828409993 ], [ 66.911864455029729, -67.855908711874122 ], [ 67.891132846960886, -67.934301859660764 ], [ 68.89003828316288, -67.934301859660764 ], [ 69.71262373238477, -68.972791442998414 ], [ 69.673452996707454, -69.227556254197282 ], [ 69.555940789675844, -69.678226420214742 ], [ 68.596257765583516, -69.932939554981317 ], [ 67.812739699174131, -70.305268249644314 ], [ 67.949888950476634, -70.697182312145856 ], [ 69.066306593710237, -70.677545267874962 ], [ 68.929157342407791, -71.06945933037656 ], [ 68.419989455035932, -71.4417880250395 ], [ 67.949888950476634, -71.853287455379643 ], [ 68.713769972615125, -72.166808370094373 ], [ 69.869306675093867, -72.264786885719843 ], [ 71.02489505400456, -72.088415222307731 ], [ 71.573285353486028, -71.696501159806076 ], [ 71.906288283174888, -71.324224141575485 ], [ 72.454626906224007, -71.010703226860585 ], [ 73.08141035349206, -70.716767679984514 ], [ 73.336020135394165, -70.364024353160175 ], [ 73.86487674346921, -69.874183451465512 ], [ 74.491556837872679, -69.776204935840155 ], [ 75.627559848944941, -69.737034200162839 ], [ 76.626465285146764, -69.619418640266531 ], [ 77.644904412755182, -69.462684021125256 ], [ 78.134538608720561, -69.070769958623714 ], [ 78.428370802732161, -68.698441263960717 ], [ 79.113858677083897, -68.326215922162476 ], [ 80.093127069014884, -68.071502787395787 ], [ 80.935349562507724, -67.875545756145016 ], [ 81.483791538421428, -67.542387797159222 ], [ 82.051767205741385, -67.366067810179459 ], [ 82.776425815770438, -67.209281514605891 ], [ 83.775331251972375, -67.307260030231248 ], [ 84.676206496116606, -67.209281514605891 ], [ 85.655526564479942, -67.091717631141876 ], [ 86.752358839874773, -67.15047373465768 ], [ 87.477017449903826, -66.876175232052447 ], [ 87.986288690140213, -66.209910990513379 ], [ 88.358410679073984, -66.484261169550905 ], [ 88.828407830768526, -66.954568379839259 ], [ 89.670630324261595, -67.15047373465768 ], [ 90.630365024786272, -67.228866882444493 ], [ 91.590099725310836, -67.111302998980477 ], [ 92.608538852919025, -67.189696146767233 ], [ 93.548636509172923, -67.209281514605891 ], [ 94.175419956440976, -67.111302998980477 ], [ 95.017590773501638, -67.170110778928688 ], [ 95.781471795640186, -67.385653178018003 ], [ 96.682398716216767, -67.248503926715443 ], [ 97.75964562377311, -67.248503926715443 ], [ 98.680209588620528, -67.111302998980477 ], [ 99.718182407635027, -67.248503926715443 ], [ 100.384188267012746, -66.915345967729706 ], [ 100.893356154384605, -66.582239685176205 ], [ 101.57889570516852, -66.307889506138679 ], [ 102.832410923272619, -65.563283793245148 ], [ 103.478676385514746, -65.70048472098 ], [ 104.242557407653067, -65.974783223585348 ], [ 104.908459914166201, -66.327526550409686 ], [ 106.181560500108731, -66.934931335568365 ], [ 107.160880568472066, -66.954568379839259 ], [ 108.081392856887135, -66.954568379839259 ], [ 109.158639764443649, -66.837004496375243 ], [ 110.235834995567814, -66.699803568640334 ], [ 111.058472121222053, -66.425505066034987 ], [ 111.743959995573846, -66.131569519158916 ], [ 112.860377638807449, -66.092347107049363 ], [ 113.604673293107339, -65.876804707959934 ], [ 114.388088006651969, -66.072761739210705 ], [ 114.897307570456178, -66.386282653925434 ], [ 115.602380812646516, -66.699803568640334 ], [ 116.699161411609339, -66.660632832963017 ], [ 117.38470096239314, -66.915345967729706 ], [ 118.579460076981263, -67.170110778928688 ], [ 119.832923618653012, -67.268089294553988 ], [ 120.870999790532096, -67.189696146767233 ], [ 121.654414504077067, -66.876175232052447 ], [ 122.320368687022324, -66.56265431733766 ], [ 123.221295607598904, -66.484261169550905 ], [ 124.122274204607606, -66.621462097285871 ], [ 125.160247023622219, -66.719388936478936 ], [ 126.100396356308352, -66.56265431733766 ], [ 127.00142662974929, -66.56265431733766 ], [ 127.882768182487212, -66.660632832963017 ], [ 128.803280470902337, -66.758611348588488 ], [ 129.704259067911153, -66.582239685176205 ], [ 130.781454299035431, -66.425505066034987 ], [ 131.799945103075856, -66.386282653925434 ], [ 132.93589643771611, -66.386282653925434 ], [ 133.856460402563357, -66.288304138300134 ], [ 134.757387323139824, -66.209962666945671 ], [ 135.0315824728807, -65.720070088818659 ], [ 135.07075320855779, -65.308570658478459 ], [ 135.697484979393494, -65.582869161083693 ], [ 135.873804966373427, -66.033591003533445 ], [ 136.206704543197702, -66.445090433873702 ], [ 136.618048944241082, -66.778196716426976 ], [ 137.460271437733923, -66.954568379839259 ], [ 138.596222772374063, -66.895760599891105 ], [ 139.908442417561446, -66.876175232052447 ], [ 140.809421014570262, -66.817367452104349 ], [ 142.121692336190108, -66.817367452104349 ], [ 143.061841668876127, -66.797782084265691 ], [ 144.374061314063624, -66.837004496375243 ], [ 145.490427280864992, -66.915345967729706 ], [ 146.195552199487793, -67.228866882444493 ], [ 145.999698521101436, -67.601195577107489 ], [ 146.646067336208148, -67.895131123983674 ], [ 147.723262567332313, -68.130258890911705 ], [ 148.839628534133681, -68.385023702110573 ], [ 150.132314487914869, -68.561292012658214 ], [ 151.483704868779569, -68.718129984664017 ], [ 152.502247349252457, -68.874812927372943 ], [ 153.638198683892483, -68.89450164807613 ], [ 154.284567498999195, -68.561292012658214 ], [ 155.165857375304768, -68.83564219169574 ], [ 155.929790073875438, -69.149214782842819 ], [ 156.81113162661336, -69.3842908733385 ], [ 158.025527785472377, -69.482269388963971 ], [ 159.181012811518713, -69.599833272427986 ], [ 159.670698683916498, -69.991747334929528 ], [ 160.806650018556411, -70.226875101857502 ], [ 161.570479364262724, -70.57961842868184 ], [ 162.686897007496327, -70.736353047823172 ], [ 163.842433709974898, -70.716767679984514 ], [ 164.919680617531185, -70.775523783500319 ], [ 166.114439732119422, -70.755938415661774 ], [ 167.30909549384296, -70.834331563448529 ], [ 168.425616489941149, -70.971480814751089 ], [ 169.463589308955875, -71.206660258111356 ], [ 170.501665480834959, -71.402617289362297 ], [ 171.206790399457532, -71.696501159806076 ], [ 171.089226515993687, -72.088415222307731 ], [ 170.560421584350706, -72.441158549132069 ], [ 170.109958124062359, -72.891828715149416 ], [ 169.757369826535069, -73.244520365541518 ], [ 169.287320998408291, -73.656019795881662 ], [ 167.97510135322068, -73.812806091455172 ], [ 167.387488641629716, -74.165497741847219 ], [ 166.094802687848414, -74.381040140936648 ], [ 165.644390903992416, -74.772954203438189 ], [ 164.958851353208502, -75.145282898101186 ], [ 164.234192743179619, -75.458803812815972 ], [ 163.822796665703891, -75.870303243156172 ], [ 163.568238560234249, -76.242580261386763 ], [ 163.470260044608949, -76.693302103836515 ], [ 163.489897088879729, -77.06557912206722 ], [ 164.057872756199686, -77.457441508136469 ], [ 164.273363478856936, -77.829770202799352 ], [ 164.743463983416063, -78.182513529623748 ], [ 166.604125604517321, -78.319611104494015 ], [ 166.995781284857344, -78.750747579105223 ], [ 165.193875767271948, -78.907483005690722 ], [ 163.666217075859549, -79.12302540477998 ], [ 161.766384719081088, -79.162247816889646 ], [ 160.924162225588248, -79.730481866371008 ], [ 160.747893915040663, -80.200737400227126 ], [ 160.316964146158625, -80.573066094890009 ], [ 159.788210890948335, -80.945394789553006 ], [ 161.120015903974377, -81.278501072106451 ], [ 161.629287144210821, -81.690000502446594 ], [ 162.490991652677963, -82.062277520677299 ], [ 163.705336135104744, -82.395435479662865 ], [ 165.095948928078769, -82.708956394377822 ], [ 166.604125604517321, -83.022477309092551 ], [ 168.895665318067927, -83.335998223807394 ], [ 169.40478152900755, -83.825890801934349 ], [ 172.283933954149347, -84.041433201023665 ], [ 172.477048781624148, -84.117914320815714 ], [ 173.224083286835366, -84.413710219254369 ], [ 175.985671828513091, -84.15899708448768 ], [ 178.277211542063924, -84.472517999202466 ], [ 180.0, -84.71338 ] ] ] ] } }
]
}
